-- phpMyAdmin SQL Dump
-- version 4.0.10.14
-- http://www.phpmyadmin.net
--
-- Host: localhost:3306
-- Generation Time: Oct 26, 2016 at 12:38 AM
-- Server version: 5.5.52-MariaDB-cll-lve
-- PHP Version: 5.6.20

SET SQL_MODE = "NO_AUTO_VALUE_ON_ZERO";
SET time_zone = "+00:00";


/*!40101 SET @OLD_CHARACTER_SET_CLIENT=@@CHARACTER_SET_CLIENT */;
/*!40101 SET @OLD_CHARACTER_SET_RESULTS=@@CHARACTER_SET_RESULTS */;
/*!40101 SET @OLD_COLLATION_CONNECTION=@@COLLATION_CONNECTION */;
/*!40101 SET NAMES utf8 */;

--
-- Database: `rkdonlin_wika`
--

-- --------------------------------------------------------

--
-- Table structure for table `cash_in`
--

CREATE TABLE IF NOT EXISTS `cash_in` (
  `id` int(10) unsigned NOT NULL AUTO_INCREMENT,
  `proyek_id` varchar(255) COLLATE utf8_unicode_ci NOT NULL,
  `ok_netto` varchar(255) COLLATE utf8_unicode_ci NOT NULL,
  `proyeksi` varchar(255) COLLATE utf8_unicode_ci NOT NULL,
  `tgl_cash_in` date NOT NULL,
  `created_at` timestamp NOT NULL DEFAULT '0000-00-00 00:00:00',
  `updated_at` timestamp NOT NULL DEFAULT '0000-00-00 00:00:00',
  PRIMARY KEY (`id`)
) ENGINE=MyISAM  DEFAULT CHARSET=utf8 COLLATE=utf8_unicode_ci AUTO_INCREMENT=13 ;

--
-- Dumping data for table `cash_in`
--

INSERT INTO `cash_in` (`id`, `proyek_id`, `ok_netto`, `proyeksi`, `tgl_cash_in`, `created_at`, `updated_at`) VALUES
(1, '1', '77524', '0', '2015-09-16', '0000-00-00 00:00:00', '2016-03-29 21:38:06'),
(2, '2', '0', '0', '2016-06-01', '2016-03-14 15:14:29', '2016-03-29 09:46:56'),
(3, '1', '0', '180000', '2016-06-01', '2016-03-14 16:12:46', '2016-04-09 03:26:20'),
(4, '3', '0', '0', '2016-06-01', '2016-03-16 00:41:10', '2016-03-16 00:41:10'),
(5, '4', '0', '0', '2016-06-01', '2016-03-16 00:46:53', '2016-03-16 00:46:53'),
(6, '5', '0', '0', '2016-06-01', '2016-03-16 00:56:49', '2016-03-16 00:56:49'),
(7, '1', '', '0', '2017-06-01', '2016-03-17 03:09:44', '2016-03-17 03:09:44'),
(8, '2', '', '0', '2015-06-01', '2016-03-29 09:50:32', '2016-03-29 09:50:32'),
(9, '3', '', '0', '2015-06-01', '2016-03-29 21:47:41', '2016-03-29 21:47:41'),
(10, '4', '', '0', '2015-06-01', '2016-03-29 22:50:49', '2016-03-29 22:50:49'),
(11, '5', '', '0', '2015-06-01', '2016-03-29 23:19:09', '2016-03-29 23:19:09'),
(12, '4', '', '0', '2017-06-01', '2016-04-05 03:55:03', '2016-04-05 03:55:03');

-- --------------------------------------------------------

--
-- Table structure for table `cash_in_detail`
--

CREATE TABLE IF NOT EXISTS `cash_in_detail` (
  `id` int(14) NOT NULL AUTO_INCREMENT,
  `proyek_id` int(16) NOT NULL,
  `tgl_cash_in` date NOT NULL,
  `nilai_cash_in` varchar(255) NOT NULL,
  `created_at` timestamp NOT NULL DEFAULT CURRENT_TIMESTAMP ON UPDATE CURRENT_TIMESTAMP,
  `updated_at` timestamp NOT NULL DEFAULT '0000-00-00 00:00:00',
  PRIMARY KEY (`id`)
) ENGINE=MyISAM  DEFAULT CHARSET=latin1 AUTO_INCREMENT=145 ;

--
-- Dumping data for table `cash_in_detail`
--

INSERT INTO `cash_in_detail` (`id`, `proyek_id`, `tgl_cash_in`, `nilai_cash_in`, `created_at`, `updated_at`) VALUES
(1, 1, '2015-01-01', '0', '2016-02-16 04:26:32', '2016-02-29 20:55:11'),
(2, 1, '2015-02-01', '0', '2016-02-16 04:26:32', '2016-02-16 04:26:32'),
(3, 1, '2015-03-01', '0', '2016-02-16 04:26:32', '2016-02-16 04:26:32'),
(4, 1, '2015-04-01', '0', '2016-02-16 04:26:32', '2016-02-16 04:26:32'),
(5, 1, '2015-05-01', '0', '2016-02-16 04:26:32', '2016-02-16 04:26:32'),
(6, 1, '2015-06-01', '0', '2016-02-16 04:26:32', '2016-02-16 04:26:32'),
(7, 1, '2015-07-01', '0', '2016-02-16 04:26:32', '2016-02-16 04:26:32'),
(8, 1, '2015-08-01', '0', '2016-02-16 04:26:32', '2016-02-16 04:26:32'),
(9, 1, '2015-09-01', '15040', '2016-02-16 04:26:32', '2016-02-29 20:54:57'),
(10, 1, '2015-10-01', '0', '2016-02-16 04:26:32', '2016-02-16 04:26:32'),
(11, 1, '2015-11-01', '23910', '2016-02-16 04:26:32', '2016-02-29 20:55:20'),
(12, 1, '2015-12-01', '32489', '2016-02-16 04:26:32', '2016-02-29 20:55:28'),
(13, 1, '2016-01-01', '5998', '2016-04-09 02:20:50', '2016-04-09 03:20:50'),
(14, 1, '2016-02-01', '1000', '2016-04-12 00:41:27', '2016-04-12 01:41:27'),
(15, 1, '2016-03-01', '8251', '2016-04-11 16:42:35', '2016-04-11 17:42:35'),
(16, 1, '2016-04-01', '9574', '2016-04-09 02:22:14', '2016-04-09 03:22:14'),
(17, 1, '2016-05-01', '6820', '2016-04-09 02:22:43', '2016-04-09 03:22:43'),
(18, 1, '2016-06-01', '4457', '2016-04-09 02:23:31', '2016-04-09 03:23:31'),
(19, 1, '2016-07-01', '2698', '2016-04-09 02:23:59', '2016-04-09 03:23:59'),
(20, 1, '2016-08-01', '3943', '2016-04-09 02:24:26', '2016-04-09 03:24:26'),
(21, 1, '2016-09-01', '0', '2016-03-06 22:26:42', '2016-03-06 22:26:42'),
(22, 1, '2016-10-01', '0', '2016-03-06 22:26:42', '2016-03-06 22:26:42'),
(23, 1, '2016-11-01', '0', '2016-03-06 22:26:42', '2016-03-06 22:26:42'),
(24, 1, '2016-12-01', '0', '2016-03-06 22:26:42', '2016-03-06 22:26:42'),
(25, 4, '2015-01-01', '0', '2016-03-13 01:18:18', '2016-03-13 01:18:18'),
(26, 4, '2015-02-01', '0', '2016-03-13 01:18:18', '2016-03-13 01:18:18'),
(27, 4, '2015-03-01', '0', '2016-03-13 01:18:18', '2016-03-13 01:18:18'),
(28, 4, '2015-04-01', '0', '2016-03-13 01:18:18', '2016-03-13 01:18:18'),
(29, 4, '2015-05-01', '0', '2016-03-13 01:18:18', '2016-03-13 01:18:18'),
(30, 4, '2015-06-01', '0', '2016-03-13 01:18:18', '2016-03-13 01:18:18'),
(31, 4, '2015-07-01', '0', '2016-03-13 01:18:18', '2016-03-13 01:18:18'),
(32, 4, '2015-08-01', '0', '2016-03-13 01:18:18', '2016-03-13 01:18:18'),
(33, 4, '2015-09-01', '0', '2016-03-13 01:18:18', '2016-03-13 01:18:18'),
(34, 4, '2015-10-01', '0', '2016-03-13 01:18:18', '2016-03-13 01:18:18'),
(35, 4, '2015-11-01', '35956', '2016-03-29 21:51:53', '2016-03-29 22:51:53'),
(36, 4, '2015-12-01', '8135', '2016-03-29 21:52:29', '2016-03-29 22:52:29'),
(37, 2, '2016-01-01', '5005', '2016-04-11 16:41:52', '2016-04-11 17:41:52'),
(38, 2, '2016-02-01', '0', '2016-03-14 15:14:28', '2016-03-14 15:14:28'),
(39, 2, '2016-03-01', '5005', '2016-04-11 16:40:49', '2016-04-11 17:40:49'),
(40, 2, '2016-04-01', '0', '2016-03-14 15:14:28', '2016-03-14 15:14:28'),
(41, 2, '2016-05-01', '0', '2016-03-14 15:14:28', '2016-03-14 15:14:28'),
(42, 2, '2016-06-01', '0', '2016-03-14 15:14:28', '2016-03-14 15:14:28'),
(43, 2, '2016-07-01', '0', '2016-03-14 15:14:28', '2016-03-14 15:14:28'),
(44, 2, '2016-08-01', '0', '2016-03-14 15:14:28', '2016-03-14 15:14:28'),
(45, 2, '2016-09-01', '0', '2016-03-14 15:14:28', '2016-03-14 15:14:28'),
(46, 2, '2016-10-01', '0', '2016-03-14 15:14:29', '2016-03-14 15:14:29'),
(47, 2, '2016-11-01', '0', '2016-03-14 15:14:29', '2016-03-14 15:14:29'),
(48, 2, '2016-12-01', '0', '2016-03-14 15:14:29', '2016-03-14 15:14:29'),
(49, 3, '2016-01-01', '430', '2016-04-11 16:39:59', '2016-04-11 17:39:59'),
(50, 3, '2016-02-01', '0', '2016-03-16 00:41:10', '2016-03-16 00:41:10'),
(51, 3, '2016-03-01', '0', '2016-03-16 00:41:10', '2016-03-16 00:41:10'),
(52, 3, '2016-04-01', '0', '2016-03-16 00:41:10', '2016-03-16 00:41:10'),
(53, 3, '2016-05-01', '0', '2016-03-16 00:41:10', '2016-03-16 00:41:10'),
(54, 3, '2016-06-01', '0', '2016-03-16 00:41:10', '2016-03-16 00:41:10'),
(55, 3, '2016-07-01', '3588', '2016-03-30 01:15:14', '2016-03-30 02:15:14'),
(56, 3, '2016-08-01', '0', '2016-03-16 00:41:10', '2016-03-16 00:41:10'),
(57, 3, '2016-09-01', '0', '2016-03-16 00:41:10', '2016-03-16 00:41:10'),
(58, 3, '2016-10-01', '0', '2016-03-16 00:41:10', '2016-03-16 00:41:10'),
(59, 3, '2016-11-01', '0', '2016-03-16 00:41:10', '2016-03-16 00:41:10'),
(60, 3, '2016-12-01', '0', '2016-03-16 00:41:10', '2016-03-16 00:41:10'),
(61, 4, '2016-01-01', '0', '2016-03-30 01:38:10', '2016-03-30 02:38:10'),
(62, 4, '2016-02-01', '0', '2016-03-16 00:46:53', '2016-03-16 00:46:53'),
(63, 4, '2016-03-01', '15951', '2016-03-30 01:38:17', '2016-03-30 02:38:17'),
(64, 4, '2016-04-01', '0', '2016-03-16 00:46:53', '2016-03-16 00:46:53'),
(65, 4, '2016-05-01', '0', '2016-03-16 00:46:53', '2016-03-16 00:46:53'),
(66, 4, '2016-06-01', '31870', '2016-03-30 01:38:32', '2016-03-30 02:38:32'),
(67, 4, '2016-07-01', '0', '2016-03-16 00:46:53', '2016-03-16 00:46:53'),
(68, 4, '2016-08-01', '0', '2016-03-16 00:46:53', '2016-03-16 00:46:53'),
(69, 4, '2016-09-01', '26715', '2016-03-30 01:38:50', '2016-03-30 02:38:50'),
(70, 4, '2016-10-01', '0', '2016-03-16 00:46:53', '2016-03-16 00:46:53'),
(71, 4, '2016-11-01', '0', '2016-03-16 00:46:53', '2016-03-16 00:46:53'),
(72, 4, '2016-12-01', '41441', '2016-03-30 01:39:13', '2016-03-30 02:39:13'),
(73, 5, '2016-01-01', '0', '2016-03-30 02:50:47', '2016-03-30 03:50:47'),
(74, 5, '2016-02-01', '0', '2016-03-16 00:56:49', '2016-03-16 00:56:49'),
(75, 5, '2016-03-01', '43953', '2016-04-11 16:37:26', '2016-04-11 17:37:26'),
(76, 5, '2016-04-01', '0', '2016-03-16 00:56:49', '2016-03-16 00:56:49'),
(77, 5, '2016-05-01', '0', '2016-03-16 00:56:49', '2016-03-16 00:56:49'),
(78, 5, '2016-06-01', '18584', '2016-03-30 02:51:17', '2016-03-30 03:51:17'),
(79, 5, '2016-07-01', '0', '2016-03-16 00:56:49', '2016-03-16 00:56:49'),
(80, 5, '2016-08-01', '0', '2016-03-16 00:56:49', '2016-03-16 00:56:49'),
(81, 5, '2016-09-01', '21437', '2016-03-30 02:51:35', '2016-03-30 03:51:35'),
(82, 5, '2016-10-01', '0', '2016-03-16 00:56:49', '2016-03-16 00:56:49'),
(83, 5, '2016-11-01', '0', '2016-03-16 00:56:49', '2016-03-16 00:56:49'),
(84, 5, '2016-12-01', '0', '2016-03-16 00:56:49', '2016-03-16 00:56:49'),
(85, 1, '2017-01-01', '0', '2016-03-17 03:09:44', '2016-03-17 03:09:44'),
(86, 1, '2017-02-01', '0', '2016-03-17 03:09:44', '2016-03-17 03:09:44'),
(87, 1, '2017-03-01', '0', '2016-03-17 03:09:44', '2016-03-17 03:09:44'),
(88, 1, '2017-04-01', '0', '2016-03-17 03:09:44', '2016-03-17 03:09:44'),
(89, 1, '2017-05-01', '0', '2016-03-17 03:09:44', '2016-03-17 03:09:44'),
(90, 1, '2017-06-01', '0', '2016-03-17 03:09:44', '2016-03-17 03:09:44'),
(91, 1, '2017-07-01', '0', '2016-03-17 03:09:44', '2016-03-17 03:09:44'),
(92, 1, '2017-08-01', '0', '2016-03-17 03:09:44', '2016-03-17 03:09:44'),
(93, 1, '2017-09-01', '0', '2016-03-17 03:09:44', '2016-03-17 03:09:44'),
(94, 1, '2017-10-01', '0', '2016-03-17 03:09:44', '2016-03-17 03:09:44'),
(95, 1, '2017-11-01', '0', '2016-03-17 03:09:44', '2016-03-17 03:09:44'),
(96, 1, '2017-12-01', '0', '2016-03-17 03:09:44', '2016-03-17 03:09:44'),
(97, 2, '2015-01-01', '19921', '2016-03-29 03:03:07', '2016-03-29 09:57:31'),
(98, 2, '2015-02-01', '0', '2016-03-29 09:50:32', '2016-03-29 09:50:32'),
(99, 2, '2015-03-01', '0', '2016-03-29 09:50:32', '2016-03-29 09:50:32'),
(100, 2, '2015-04-01', '0', '2016-03-29 09:50:32', '2016-03-29 09:50:32'),
(101, 2, '2015-05-01', '0', '2016-03-29 09:50:32', '2016-03-29 09:50:32'),
(102, 2, '2015-06-01', '0', '2016-03-29 09:50:32', '2016-03-29 09:50:32'),
(103, 2, '2015-07-01', '0', '2016-03-29 09:50:32', '2016-03-29 09:50:32'),
(104, 2, '2015-08-01', '0', '2016-03-29 09:50:32', '2016-03-29 09:50:32'),
(105, 2, '2015-09-01', '6564', '2016-03-29 03:03:48', '2016-03-29 09:58:12'),
(106, 2, '2015-10-01', '0', '2016-03-29 09:50:32', '2016-03-29 09:50:32'),
(107, 2, '2015-11-01', '0', '2016-03-29 09:50:32', '2016-03-29 09:50:32'),
(108, 2, '2015-12-01', '5321', '2016-03-29 03:04:05', '2016-03-29 09:58:30'),
(109, 3, '2015-01-01', '0', '2016-03-29 21:47:40', '2016-03-29 21:47:40'),
(110, 3, '2015-02-01', '0', '2016-03-29 21:47:40', '2016-03-29 21:47:40'),
(111, 3, '2015-03-01', '0', '2016-03-29 21:47:40', '2016-03-29 21:47:40'),
(112, 3, '2015-04-01', '12253', '2016-03-29 20:48:41', '2016-03-29 21:48:41'),
(113, 3, '2015-05-01', '6821', '2016-03-29 20:48:52', '2016-03-29 21:48:52'),
(114, 3, '2015-06-01', '6878', '2016-03-29 20:49:02', '2016-03-29 21:49:02'),
(115, 3, '2015-07-01', '9913', '2016-03-29 20:49:10', '2016-03-29 21:49:10'),
(116, 3, '2015-08-01', '0', '2016-03-29 21:47:40', '2016-03-29 21:47:40'),
(117, 3, '2015-09-01', '0', '2016-03-29 21:47:41', '2016-03-29 21:47:41'),
(118, 3, '2015-10-01', '0', '2016-03-29 21:47:41', '2016-03-29 21:47:41'),
(119, 3, '2015-11-01', '5831', '2016-03-29 20:49:20', '2016-03-29 21:49:20'),
(120, 3, '2015-12-01', '7273', '2016-03-29 20:49:30', '2016-03-29 21:49:30'),
(121, 5, '2015-01-01', '0', '2016-03-29 23:19:08', '2016-03-29 23:19:08'),
(122, 5, '2015-02-01', '0', '2016-03-29 23:19:08', '2016-03-29 23:19:08'),
(123, 5, '2015-03-01', '0', '2016-03-29 23:19:08', '2016-03-29 23:19:08'),
(124, 5, '2015-04-01', '0', '2016-03-29 23:19:08', '2016-03-29 23:19:08'),
(125, 5, '2015-05-01', '17426', '2016-03-29 22:20:56', '2016-03-29 23:20:56'),
(126, 5, '2015-06-01', '0', '2016-03-29 23:19:08', '2016-03-29 23:19:08'),
(127, 5, '2015-07-01', '0', '2016-03-29 23:19:08', '2016-03-29 23:19:08'),
(128, 5, '2015-08-01', '0', '2016-03-29 23:19:08', '2016-03-29 23:19:08'),
(129, 5, '2015-09-01', '0', '2016-03-29 23:19:08', '2016-03-29 23:19:08'),
(130, 5, '2015-10-01', '0', '2016-03-29 23:19:08', '2016-03-29 23:19:08'),
(131, 5, '2015-11-01', '28663', '2016-03-29 22:21:09', '2016-03-29 23:21:09'),
(132, 5, '2015-12-01', '8580', '2016-03-29 22:21:51', '2016-03-29 23:21:51'),
(133, 4, '2017-01-01', '0', '2016-04-05 03:55:03', '2016-04-05 03:55:03'),
(134, 4, '2017-02-01', '0', '2016-04-05 03:55:03', '2016-04-05 03:55:03'),
(135, 4, '2017-03-01', '0', '2016-04-05 03:55:03', '2016-04-05 03:55:03'),
(136, 4, '2017-04-01', '0', '2016-04-05 03:55:03', '2016-04-05 03:55:03'),
(137, 4, '2017-05-01', '0', '2016-04-05 03:55:03', '2016-04-05 03:55:03'),
(138, 4, '2017-06-01', '0', '2016-04-05 03:55:03', '2016-04-05 03:55:03'),
(139, 4, '2017-07-01', '0', '2016-04-05 03:55:03', '2016-04-05 03:55:03'),
(140, 4, '2017-08-01', '0', '2016-04-05 03:55:03', '2016-04-05 03:55:03'),
(141, 4, '2017-09-01', '0', '2016-04-05 03:55:03', '2016-04-05 03:55:03'),
(142, 4, '2017-10-01', '0', '2016-04-05 03:55:03', '2016-04-05 03:55:03'),
(143, 4, '2017-11-01', '0', '2016-04-05 03:55:03', '2016-04-05 03:55:03'),
(144, 4, '2017-12-01', '0', '2016-04-05 03:55:03', '2016-04-05 03:55:03');

-- --------------------------------------------------------

--
-- Table structure for table `cash_out`
--

CREATE TABLE IF NOT EXISTS `cash_out` (
  `id` int(10) unsigned NOT NULL AUTO_INCREMENT,
  `proyek_id` varchar(255) COLLATE utf8_unicode_ci NOT NULL,
  `tgl_cash_out` date NOT NULL,
  `cash_proyek` varchar(255) COLLATE utf8_unicode_ci NOT NULL,
  `cash_departemen` varchar(255) COLLATE utf8_unicode_ci NOT NULL,
  `cash_fasilitas` varchar(255) COLLATE utf8_unicode_ci NOT NULL,
  `created_at` timestamp NOT NULL DEFAULT '0000-00-00 00:00:00',
  `updated_at` timestamp NOT NULL DEFAULT '0000-00-00 00:00:00',
  PRIMARY KEY (`id`)
) ENGINE=MyISAM  DEFAULT CHARSET=utf8 COLLATE=utf8_unicode_ci AUTO_INCREMENT=11 ;

--
-- Dumping data for table `cash_out`
--

INSERT INTO `cash_out` (`id`, `proyek_id`, `tgl_cash_out`, `cash_proyek`, `cash_departemen`, `cash_fasilitas`, `created_at`, `updated_at`) VALUES
(1, '1', '2015-12-01', '0', '0', '0', '2016-02-16 19:18:22', '2016-03-29 21:40:30'),
(2, '1', '2016-12-01', '20000', '30000', '100000', '2016-03-06 22:43:17', '2016-04-09 03:43:39'),
(3, '2', '2016-12-01', '0', '0', '0', '2016-03-14 15:22:50', '2016-03-30 01:50:21'),
(4, '3', '2016-12-01', '0', '0', '0', '2016-03-16 00:42:09', '2016-03-30 02:21:40'),
(5, '4', '2016-12-01', '0', '0', '0', '2016-03-16 00:47:42', '2016-03-16 00:47:42'),
(6, '5', '2016-12-01', '7200', '8430', '8300', '2016-03-16 00:57:27', '2016-03-16 00:58:19'),
(7, '2', '2015-12-01', '0', '0', '0', '2016-03-29 09:59:29', '2016-03-29 09:59:29'),
(8, '3', '2015-12-01', '0', '0', '0', '2016-03-29 21:51:43', '2016-03-29 21:51:43'),
(9, '4', '2015-12-01', '0', '0', '0', '2016-03-29 22:54:28', '2016-03-29 22:54:28'),
(10, '5', '2015-12-01', '0', '0', '0', '2016-03-29 23:22:02', '2016-03-29 23:22:02');

-- --------------------------------------------------------

--
-- Table structure for table `cash_out_detail`
--

CREATE TABLE IF NOT EXISTS `cash_out_detail` (
  `id` int(10) unsigned NOT NULL AUTO_INCREMENT,
  `proyek_id` varchar(255) COLLATE utf8_unicode_ci NOT NULL,
  `cash_type` int(3) NOT NULL,
  `tgl_cash_out` varchar(255) COLLATE utf8_unicode_ci NOT NULL,
  `nilai_cash_out` varchar(255) COLLATE utf8_unicode_ci NOT NULL,
  `created_at` timestamp NOT NULL DEFAULT '0000-00-00 00:00:00',
  `updated_at` timestamp NOT NULL DEFAULT '0000-00-00 00:00:00',
  PRIMARY KEY (`id`)
) ENGINE=MyISAM  DEFAULT CHARSET=utf8 COLLATE=utf8_unicode_ci AUTO_INCREMENT=361 ;

--
-- Dumping data for table `cash_out_detail`
--

INSERT INTO `cash_out_detail` (`id`, `proyek_id`, `cash_type`, `tgl_cash_out`, `nilai_cash_out`, `created_at`, `updated_at`) VALUES
(1, '1', 1, '2015-01-03', '0', '2016-02-16 19:12:45', '2016-02-16 19:12:45'),
(2, '1', 2, '2015-01-03', '0', '2016-02-16 19:18:22', '2016-02-16 19:18:22'),
(3, '1', 3, '2015-01-03', '0', '2016-02-16 19:18:22', '2016-02-16 19:18:22'),
(4, '1', 1, '2015-02-01', '0', '2016-02-16 19:18:22', '2016-02-16 19:18:22'),
(5, '1', 2, '2015-02-01', '0', '2016-02-16 19:18:22', '2016-02-16 19:18:22'),
(6, '1', 3, '2015-02-01', '0', '2016-02-16 19:18:22', '2016-02-16 19:18:22'),
(7, '1', 1, '2015-03-01', '0', '2016-02-16 19:18:22', '2016-02-16 19:18:22'),
(8, '1', 2, '2015-03-01', '0', '2016-02-16 19:18:22', '2016-02-16 19:18:22'),
(9, '1', 3, '2015-03-01', '0', '2016-02-16 19:18:22', '2016-02-16 19:18:22'),
(10, '1', 1, '2015-04-01', '0', '2016-02-16 19:18:22', '2016-02-16 19:18:22'),
(11, '1', 2, '2015-04-01', '0', '2016-02-16 19:18:22', '2016-02-16 19:18:22'),
(12, '1', 3, '2015-04-01', '0', '2016-02-16 19:18:22', '2016-02-16 19:18:22'),
(13, '1', 1, '2015-05-01', '0', '2016-02-16 19:18:22', '2016-02-16 19:18:22'),
(14, '1', 2, '2015-05-01', '0', '2016-02-16 19:18:22', '2016-02-16 19:18:22'),
(15, '1', 3, '2015-05-01', '0', '2016-02-16 19:18:22', '2016-02-16 19:18:22'),
(16, '1', 1, '2015-06-01', '0', '2016-02-16 19:18:22', '2016-02-16 19:18:22'),
(17, '1', 2, '2015-06-01', '0', '2016-02-16 19:18:22', '2016-02-29 20:57:05'),
(18, '1', 3, '2015-06-01', '0', '2016-02-16 19:18:22', '2016-02-16 19:18:22'),
(19, '1', 1, '2015-07-01', '0', '2016-02-16 19:18:22', '2016-02-16 19:18:22'),
(20, '1', 2, '2015-07-01', '0', '2016-02-16 19:18:22', '2016-02-16 19:18:22'),
(21, '1', 3, '2015-07-01', '0', '2016-02-16 19:18:22', '2016-02-16 19:18:22'),
(22, '1', 1, '2015-08-01', '190', '2016-02-16 19:18:22', '2016-02-29 20:57:10'),
(23, '1', 2, '2015-08-01', '858', '2016-02-16 19:18:22', '2016-02-29 20:57:21'),
(24, '1', 3, '2015-08-01', '0', '2016-02-16 19:18:22', '2016-02-16 19:18:22'),
(25, '1', 1, '2015-09-01', '730', '2016-02-16 19:18:22', '2016-02-29 20:57:30'),
(26, '1', 2, '2015-09-01', '2392', '2016-02-16 19:18:22', '2016-02-29 20:57:36'),
(27, '1', 3, '2015-09-01', '0', '2016-02-16 19:18:22', '2016-02-16 19:18:22'),
(28, '1', 1, '2015-10-01', '885', '2016-02-16 19:18:22', '2016-02-29 20:57:44'),
(29, '1', 2, '2015-10-01', '1562', '2016-02-16 19:18:22', '2016-02-29 20:57:48'),
(30, '1', 3, '2015-10-01', '0', '2016-02-16 19:18:22', '2016-02-16 19:18:22'),
(31, '1', 1, '2015-11-01', '2730', '2016-02-16 19:18:22', '2016-02-29 20:57:56'),
(32, '1', 2, '2015-11-01', '3209', '2016-02-16 19:18:22', '2016-02-29 20:58:05'),
(33, '1', 3, '2015-11-01', '5683', '2016-02-16 19:18:22', '2016-02-29 20:58:13'),
(34, '1', 1, '2015-12-01', '5364', '2016-02-16 19:18:22', '2016-02-29 20:58:21'),
(35, '1', 2, '2015-12-01', '7024', '2016-02-16 19:18:22', '2016-02-29 20:58:30'),
(36, '1', 3, '2015-12-01', '19766', '2016-02-16 19:18:22', '2016-02-29 20:58:39'),
(37, '1', 1, '2016-01-03', '319', '2016-03-06 22:43:16', '2016-04-09 03:30:33'),
(38, '1', 2, '2016-01-03', '405', '2016-03-06 22:43:16', '2016-04-09 03:31:16'),
(39, '1', 3, '2016-01-03', '5257', '2016-03-06 22:43:16', '2016-04-09 03:31:31'),
(40, '1', 1, '2016-02-01', '335', '2016-03-06 22:43:16', '2016-04-09 03:31:58'),
(41, '1', 2, '2016-02-01', '443', '2016-03-06 22:43:16', '2016-04-09 03:32:04'),
(42, '1', 3, '2016-02-01', '5304', '2016-03-06 22:43:16', '2016-04-09 03:34:23'),
(43, '1', 1, '2016-03-01', '700', '2016-03-06 22:43:16', '2016-04-09 03:34:45'),
(44, '1', 2, '2016-03-01', '1295', '2016-03-06 22:43:16', '2016-04-09 03:35:01'),
(45, '1', 3, '2016-03-01', '3668', '2016-03-06 22:43:16', '2016-04-09 03:35:26'),
(46, '1', 1, '2016-04-01', '307', '2016-03-06 22:43:16', '2016-04-09 03:38:18'),
(47, '1', 2, '2016-04-01', '379', '2016-03-06 22:43:16', '2016-04-09 03:36:06'),
(48, '1', 3, '2016-04-01', '0', '2016-03-06 22:43:16', '2016-03-06 22:43:16'),
(49, '1', 1, '2016-05-01', '314', '2016-03-06 22:43:16', '2016-04-09 03:36:54'),
(50, '1', 2, '2016-05-01', '393', '2016-03-06 22:43:16', '2016-04-09 03:37:08'),
(51, '1', 3, '2016-05-01', '3398', '2016-03-06 22:43:16', '2016-04-09 03:37:31'),
(52, '1', 1, '2016-06-01', '143', '2016-03-06 22:43:17', '2016-04-09 03:38:46'),
(53, '1', 2, '2016-06-01', '47', '2016-03-06 22:43:17', '2016-04-09 03:38:55'),
(54, '1', 3, '2016-06-01', '2441', '2016-03-06 22:43:17', '2016-04-09 03:39:13'),
(55, '1', 1, '2016-07-01', '143', '2016-03-06 22:43:17', '2016-04-09 03:39:38'),
(56, '1', 2, '2016-07-01', '47', '2016-03-06 22:43:17', '2016-04-09 03:39:45'),
(57, '1', 3, '2016-07-01', '3587', '2016-03-06 22:43:17', '2016-04-09 03:40:02'),
(58, '1', 1, '2016-08-01', '143', '2016-03-06 22:43:17', '2016-04-09 03:40:36'),
(59, '1', 2, '2016-08-01', '47', '2016-03-06 22:43:17', '2016-04-09 03:40:45'),
(60, '1', 3, '2016-08-01', '1881', '2016-03-06 22:43:17', '2016-04-09 03:40:55'),
(61, '1', 1, '2016-09-01', '0', '2016-03-06 22:43:17', '2016-03-06 22:43:17'),
(62, '1', 2, '2016-09-01', '0', '2016-03-06 22:43:17', '2016-03-06 22:43:17'),
(63, '1', 3, '2016-09-01', '0', '2016-03-06 22:43:17', '2016-03-06 22:43:17'),
(64, '1', 1, '2016-10-01', '0', '2016-03-06 22:43:17', '2016-03-06 22:43:17'),
(65, '1', 2, '2016-10-01', '0', '2016-03-06 22:43:17', '2016-03-06 22:43:17'),
(66, '1', 3, '2016-10-01', '0', '2016-03-06 22:43:17', '2016-03-06 22:43:17'),
(67, '1', 1, '2016-11-01', '0', '2016-03-06 22:43:17', '2016-03-06 22:43:17'),
(68, '1', 2, '2016-11-01', '0', '2016-03-06 22:43:17', '2016-03-06 22:43:17'),
(69, '1', 3, '2016-11-01', '0', '2016-03-06 22:43:17', '2016-03-06 22:43:17'),
(70, '1', 1, '2016-12-01', '0', '2016-03-06 22:43:17', '2016-03-06 22:43:17'),
(71, '1', 2, '2016-12-01', '0', '2016-03-06 22:43:17', '2016-03-06 22:43:17'),
(72, '1', 3, '2016-12-01', '0', '2016-03-06 22:43:17', '2016-03-06 22:43:17'),
(73, '2', 1, '2016-01-03', '276', '2016-03-14 15:22:50', '2016-03-30 01:50:37'),
(74, '2', 2, '2016-01-03', '1270', '2016-03-14 15:22:50', '2016-03-30 01:50:51'),
(75, '2', 3, '2016-01-03', '54', '2016-03-14 15:22:50', '2016-03-30 01:51:02'),
(76, '2', 1, '2016-02-01', '325', '2016-03-14 15:22:50', '2016-03-30 01:51:26'),
(77, '2', 2, '2016-02-01', '554', '2016-03-14 15:22:50', '2016-03-30 01:51:42'),
(78, '2', 3, '2016-02-01', '4226', '2016-03-14 15:22:50', '2016-03-30 01:51:52'),
(79, '2', 1, '2016-03-01', '589', '2016-03-14 15:22:50', '2016-03-30 01:52:05'),
(80, '2', 2, '2016-03-01', '90', '2016-03-14 15:22:50', '2016-03-30 01:52:14'),
(81, '2', 3, '2016-03-01', '8584', '2016-03-14 15:22:50', '2016-03-30 01:52:29'),
(82, '2', 1, '2016-04-01', '544', '2016-03-14 15:22:50', '2016-03-30 01:53:46'),
(83, '2', 2, '2016-04-01', '90', '2016-03-14 15:22:50', '2016-03-30 01:52:58'),
(84, '2', 3, '2016-04-01', '0', '2016-03-14 15:22:50', '2016-03-14 15:22:50'),
(85, '2', 1, '2016-05-01', '0', '2016-03-14 15:22:50', '2016-03-14 15:22:50'),
(86, '2', 2, '2016-05-01', '0', '2016-03-14 15:22:50', '2016-03-14 15:22:50'),
(87, '2', 3, '2016-05-01', '0', '2016-03-14 15:22:50', '2016-03-14 15:22:50'),
(88, '2', 1, '2016-06-01', '0', '2016-03-14 15:22:50', '2016-03-14 15:22:50'),
(89, '2', 2, '2016-06-01', '0', '2016-03-14 15:22:50', '2016-03-14 15:22:50'),
(90, '2', 3, '2016-06-01', '0', '2016-03-14 15:22:50', '2016-03-14 15:22:50'),
(91, '2', 1, '2016-07-01', '0', '2016-03-14 15:22:50', '2016-03-14 15:22:50'),
(92, '2', 2, '2016-07-01', '0', '2016-03-14 15:22:50', '2016-03-14 15:22:50'),
(93, '2', 3, '2016-07-01', '0', '2016-03-14 15:22:50', '2016-03-14 15:22:50'),
(94, '2', 1, '2016-08-01', '0', '2016-03-14 15:22:50', '2016-03-14 15:22:50'),
(95, '2', 2, '2016-08-01', '0', '2016-03-14 15:22:50', '2016-03-14 15:22:50'),
(96, '2', 3, '2016-08-01', '0', '2016-03-14 15:22:50', '2016-03-14 15:22:50'),
(97, '2', 1, '2016-09-01', '0', '2016-03-14 15:22:50', '2016-03-14 15:22:50'),
(98, '2', 2, '2016-09-01', '0', '2016-03-14 15:22:50', '2016-03-14 15:22:50'),
(99, '2', 3, '2016-09-01', '0', '2016-03-14 15:22:50', '2016-03-14 15:22:50'),
(100, '2', 1, '2016-10-01', '0', '2016-03-14 15:22:50', '2016-03-14 15:22:50'),
(101, '2', 2, '2016-10-01', '0', '2016-03-14 15:22:50', '2016-03-14 15:22:50'),
(102, '2', 3, '2016-10-01', '0', '2016-03-14 15:22:50', '2016-03-14 15:22:50'),
(103, '2', 1, '2016-11-01', '0', '2016-03-14 15:22:50', '2016-03-14 15:22:50'),
(104, '2', 2, '2016-11-01', '0', '2016-03-14 15:22:50', '2016-03-14 15:22:50'),
(105, '2', 3, '2016-11-01', '0', '2016-03-14 15:22:50', '2016-03-14 15:22:50'),
(106, '2', 1, '2016-12-01', '0', '2016-03-14 15:22:50', '2016-03-14 15:22:50'),
(107, '2', 2, '2016-12-01', '0', '2016-03-14 15:22:50', '2016-03-14 15:22:50'),
(108, '2', 3, '2016-12-01', '0', '2016-03-14 15:22:50', '2016-03-14 15:22:50'),
(109, '3', 1, '2016-01-03', '300', '2016-03-16 00:42:09', '2016-03-30 02:27:38'),
(110, '3', 2, '2016-01-03', '1866', '2016-03-16 00:42:09', '2016-03-30 02:27:49'),
(111, '3', 3, '2016-01-03', '321', '2016-03-16 00:42:09', '2016-03-30 02:27:57'),
(112, '3', 1, '2016-02-01', '175', '2016-03-16 00:42:09', '2016-03-30 02:28:06'),
(113, '3', 2, '2016-02-01', '205', '2016-03-16 00:42:09', '2016-03-30 02:28:15'),
(114, '3', 3, '2016-02-01', '0', '2016-03-16 00:42:09', '2016-03-16 00:42:09'),
(115, '3', 1, '2016-03-01', '157', '2016-03-16 00:42:09', '2016-03-30 02:28:23'),
(116, '3', 2, '2016-03-01', '24', '2016-03-16 00:42:09', '2016-03-30 02:28:30'),
(117, '3', 3, '2016-03-01', '49', '2016-03-16 00:42:09', '2016-03-30 02:28:35'),
(118, '3', 1, '2016-04-01', '0', '2016-03-16 00:42:09', '2016-03-16 00:42:09'),
(119, '3', 2, '2016-04-01', '0', '2016-03-16 00:42:09', '2016-03-16 00:42:09'),
(120, '3', 3, '2016-04-01', '0', '2016-03-16 00:42:09', '2016-03-16 00:42:09'),
(121, '3', 1, '2016-05-01', '0', '2016-03-16 00:42:09', '2016-03-16 00:42:09'),
(122, '3', 2, '2016-05-01', '0', '2016-03-16 00:42:09', '2016-03-16 00:42:09'),
(123, '3', 3, '2016-05-01', '0', '2016-03-16 00:42:09', '2016-03-16 00:42:09'),
(124, '3', 1, '2016-06-01', '0', '2016-03-16 00:42:09', '2016-03-16 00:42:09'),
(125, '3', 2, '2016-06-01', '0', '2016-03-16 00:42:09', '2016-03-16 00:42:09'),
(126, '3', 3, '2016-06-01', '0', '2016-03-16 00:42:09', '2016-03-16 00:42:09'),
(127, '3', 1, '2016-07-01', '0', '2016-03-16 00:42:09', '2016-03-16 00:42:09'),
(128, '3', 2, '2016-07-01', '350', '2016-03-16 00:42:09', '2016-03-30 02:29:04'),
(129, '3', 3, '2016-07-01', '0', '2016-03-16 00:42:09', '2016-03-16 00:42:09'),
(130, '3', 1, '2016-08-01', '0', '2016-03-16 00:42:09', '2016-03-16 00:42:09'),
(131, '3', 2, '2016-08-01', '0', '2016-03-16 00:42:09', '2016-03-16 00:42:09'),
(132, '3', 3, '2016-08-01', '0', '2016-03-16 00:42:09', '2016-03-16 00:42:09'),
(133, '3', 1, '2016-09-01', '0', '2016-03-16 00:42:09', '2016-03-16 00:42:09'),
(134, '3', 2, '2016-09-01', '0', '2016-03-16 00:42:09', '2016-03-16 00:42:09'),
(135, '3', 3, '2016-09-01', '0', '2016-03-16 00:42:09', '2016-03-16 00:42:09'),
(136, '3', 1, '2016-10-01', '0', '2016-03-16 00:42:09', '2016-03-16 00:42:09'),
(137, '3', 2, '2016-10-01', '0', '2016-03-16 00:42:09', '2016-03-16 00:42:09'),
(138, '3', 3, '2016-10-01', '0', '2016-03-16 00:42:09', '2016-03-16 00:42:09'),
(139, '3', 1, '2016-11-01', '0', '2016-03-16 00:42:09', '2016-03-16 00:42:09'),
(140, '3', 2, '2016-11-01', '0', '2016-03-16 00:42:09', '2016-03-16 00:42:09'),
(141, '3', 3, '2016-11-01', '0', '2016-03-16 00:42:09', '2016-03-16 00:42:09'),
(142, '3', 1, '2016-12-01', '0', '2016-03-16 00:42:09', '2016-03-16 00:42:09'),
(143, '3', 2, '2016-12-01', '0', '2016-03-16 00:42:09', '2016-03-16 00:42:09'),
(144, '3', 3, '2016-12-01', '0', '2016-03-16 00:42:09', '2016-03-16 00:42:09'),
(145, '4', 1, '2016-01-03', '500', '2016-03-16 00:47:42', '2016-03-30 02:42:51'),
(146, '4', 2, '2016-01-03', '1584', '2016-03-16 00:47:42', '2016-03-30 02:43:04'),
(147, '4', 3, '2016-01-03', '49', '2016-03-16 00:47:42', '2016-03-30 02:43:15'),
(148, '4', 1, '2016-02-01', '600', '2016-03-16 00:47:42', '2016-03-30 02:43:23'),
(149, '4', 2, '2016-02-01', '1795', '2016-03-16 00:47:42', '2016-03-30 02:43:35'),
(150, '4', 3, '2016-02-01', '1410', '2016-03-16 00:47:42', '2016-03-30 02:43:49'),
(151, '4', 1, '2016-03-01', '767', '2016-03-16 00:47:42', '2016-03-30 02:43:58'),
(152, '4', 2, '2016-03-01', '3021', '2016-03-16 00:47:42', '2016-03-30 02:44:12'),
(153, '4', 3, '2016-03-01', '9378', '2016-03-16 00:47:42', '2016-03-30 02:44:31'),
(154, '4', 1, '2016-04-01', '8371', '2016-03-16 00:47:42', '2016-03-30 02:48:10'),
(155, '4', 2, '2016-04-01', '2771', '2016-03-16 00:47:42', '2016-03-30 02:47:58'),
(156, '4', 3, '2016-04-01', '0', '2016-03-16 00:47:42', '2016-03-16 00:47:42'),
(157, '4', 1, '2016-05-01', '0', '2016-03-16 00:47:42', '2016-03-16 00:47:42'),
(158, '4', 2, '2016-05-01', '0', '2016-03-16 00:47:42', '2016-03-16 00:47:42'),
(159, '4', 3, '2016-05-01', '0', '2016-03-16 00:47:42', '2016-03-16 00:47:42'),
(160, '4', 1, '2016-06-01', '0', '2016-03-16 00:47:42', '2016-03-16 00:47:42'),
(161, '4', 2, '2016-06-01', '0', '2016-03-16 00:47:42', '2016-03-16 00:47:42'),
(162, '4', 3, '2016-06-01', '0', '2016-03-16 00:47:42', '2016-03-16 00:47:42'),
(163, '4', 1, '2016-07-01', '0', '2016-03-16 00:47:42', '2016-03-16 00:47:42'),
(164, '4', 2, '2016-07-01', '0', '2016-03-16 00:47:42', '2016-03-16 00:47:42'),
(165, '4', 3, '2016-07-01', '0', '2016-03-16 00:47:42', '2016-03-16 00:47:42'),
(166, '4', 1, '2016-08-01', '0', '2016-03-16 00:47:42', '2016-03-16 00:47:42'),
(167, '4', 2, '2016-08-01', '0', '2016-03-16 00:47:42', '2016-03-16 00:47:42'),
(168, '4', 3, '2016-08-01', '0', '2016-03-16 00:47:42', '2016-03-16 00:47:42'),
(169, '4', 1, '2016-09-01', '0', '2016-03-16 00:47:42', '2016-03-16 00:47:42'),
(170, '4', 2, '2016-09-01', '0', '2016-03-16 00:47:42', '2016-03-16 00:47:42'),
(171, '4', 3, '2016-09-01', '0', '2016-03-16 00:47:42', '2016-03-16 00:47:42'),
(172, '4', 1, '2016-10-01', '0', '2016-03-16 00:47:42', '2016-03-16 00:47:42'),
(173, '4', 2, '2016-10-01', '0', '2016-03-16 00:47:42', '2016-03-16 00:47:42'),
(174, '4', 3, '2016-10-01', '0', '2016-03-16 00:47:42', '2016-03-16 00:47:42'),
(175, '4', 1, '2016-11-01', '0', '2016-03-16 00:47:42', '2016-03-16 00:47:42'),
(176, '4', 2, '2016-11-01', '0', '2016-03-16 00:47:42', '2016-03-16 00:47:42'),
(177, '4', 3, '2016-11-01', '0', '2016-03-16 00:47:42', '2016-03-16 00:47:42'),
(178, '4', 1, '2016-12-01', '0', '2016-03-16 00:47:42', '2016-03-16 00:47:42'),
(179, '4', 2, '2016-12-01', '0', '2016-03-16 00:47:42', '2016-03-16 00:47:42'),
(180, '4', 3, '2016-12-01', '0', '2016-03-16 00:47:42', '2016-03-16 00:47:42'),
(181, '5', 1, '2016-01-03', '650', '2016-03-16 00:57:26', '2016-03-30 03:52:37'),
(182, '5', 2, '2016-01-03', '1801', '2016-03-16 00:57:26', '2016-03-30 03:55:39'),
(183, '5', 3, '2016-01-03', '5437', '2016-03-16 00:57:26', '2016-03-30 03:55:49'),
(184, '5', 1, '2016-02-01', '825', '2016-03-16 00:57:26', '2016-03-30 04:03:18'),
(185, '5', 2, '2016-02-01', '2016', '2016-03-16 00:57:26', '2016-03-30 04:03:28'),
(186, '5', 3, '2016-02-01', '8293', '2016-03-16 00:57:26', '2016-03-30 04:03:38'),
(187, '5', 1, '2016-03-01', '0', '2016-03-16 00:57:26', '2016-03-16 00:57:26'),
(188, '5', 2, '2016-03-01', '0', '2016-03-16 00:57:26', '2016-03-16 00:57:26'),
(189, '5', 3, '2016-03-01', '0', '2016-03-16 00:57:27', '2016-03-16 00:57:27'),
(190, '5', 1, '2016-04-01', '0', '2016-03-16 00:57:27', '2016-03-16 00:57:27'),
(191, '5', 2, '2016-04-01', '0', '2016-03-16 00:57:27', '2016-03-16 00:57:27'),
(192, '5', 3, '2016-04-01', '0', '2016-03-16 00:57:27', '2016-03-16 00:57:27'),
(193, '5', 1, '2016-05-01', '0', '2016-03-16 00:57:27', '2016-03-16 00:57:27'),
(194, '5', 2, '2016-05-01', '0', '2016-03-16 00:57:27', '2016-03-16 00:57:27'),
(195, '5', 3, '2016-05-01', '0', '2016-03-16 00:57:27', '2016-03-16 00:57:27'),
(196, '5', 1, '2016-06-01', '0', '2016-03-16 00:57:27', '2016-03-16 00:57:27'),
(197, '5', 2, '2016-06-01', '0', '2016-03-16 00:57:27', '2016-03-16 00:57:27'),
(198, '5', 3, '2016-06-01', '0', '2016-03-16 00:57:27', '2016-03-16 00:57:27'),
(199, '5', 1, '2016-07-01', '0', '2016-03-16 00:57:27', '2016-03-16 00:57:27'),
(200, '5', 2, '2016-07-01', '0', '2016-03-16 00:57:27', '2016-03-16 00:57:27'),
(201, '5', 3, '2016-07-01', '0', '2016-03-16 00:57:27', '2016-03-16 00:57:27'),
(202, '5', 1, '2016-08-01', '0', '2016-03-16 00:57:27', '2016-03-16 00:57:27'),
(203, '5', 2, '2016-08-01', '0', '2016-03-16 00:57:27', '2016-03-16 00:57:27'),
(204, '5', 3, '2016-08-01', '0', '2016-03-16 00:57:27', '2016-03-16 00:57:27'),
(205, '5', 1, '2016-09-01', '0', '2016-03-16 00:57:27', '2016-03-16 00:57:27'),
(206, '5', 2, '2016-09-01', '0', '2016-03-16 00:57:27', '2016-03-16 00:57:27'),
(207, '5', 3, '2016-09-01', '0', '2016-03-16 00:57:27', '2016-03-16 00:57:27'),
(208, '5', 1, '2016-10-01', '0', '2016-03-16 00:57:27', '2016-03-16 00:57:27'),
(209, '5', 2, '2016-10-01', '0', '2016-03-16 00:57:27', '2016-03-16 00:57:27'),
(210, '5', 3, '2016-10-01', '0', '2016-03-16 00:57:27', '2016-03-16 00:57:27'),
(211, '5', 1, '2016-11-01', '0', '2016-03-16 00:57:27', '2016-03-16 00:57:27'),
(212, '5', 2, '2016-11-01', '0', '2016-03-16 00:57:27', '2016-03-16 00:57:27'),
(213, '5', 3, '2016-11-01', '0', '2016-03-16 00:57:27', '2016-03-16 00:57:27'),
(214, '5', 1, '2016-12-01', '0', '2016-03-16 00:57:27', '2016-03-16 00:57:27'),
(215, '5', 2, '2016-12-01', '0', '2016-03-16 00:57:27', '2016-03-16 00:57:27'),
(216, '5', 3, '2016-12-01', '0', '2016-03-16 00:57:27', '2016-03-16 00:57:27'),
(217, '2', 1, '2015-01-03', '0', '2016-03-29 09:59:29', '2016-03-29 09:59:29'),
(218, '2', 2, '2015-01-03', '1359', '2016-03-29 09:59:29', '2016-03-29 10:08:36'),
(219, '2', 3, '2015-01-03', '0', '2016-03-29 09:59:29', '2016-03-29 09:59:29'),
(220, '2', 1, '2015-02-01', '56', '2016-03-29 09:59:29', '2016-03-29 10:00:19'),
(221, '2', 2, '2015-02-01', '712', '2016-03-29 09:59:29', '2016-03-29 10:08:50'),
(222, '2', 3, '2015-02-01', '0', '2016-03-29 09:59:29', '2016-03-29 09:59:29'),
(223, '2', 1, '2015-03-01', '288', '2016-03-29 09:59:29', '2016-03-29 10:00:41'),
(224, '2', 2, '2015-03-01', '1221', '2016-03-29 09:59:29', '2016-03-29 10:10:23'),
(225, '2', 3, '2015-03-01', '0', '2016-03-29 09:59:29', '2016-03-29 09:59:29'),
(226, '2', 1, '2015-04-01', '730', '2016-03-29 09:59:29', '2016-03-29 10:01:31'),
(227, '2', 2, '2015-04-01', '697', '2016-03-29 09:59:29', '2016-03-29 10:10:35'),
(228, '2', 3, '2015-04-01', '0', '2016-03-29 09:59:29', '2016-03-29 09:59:29'),
(229, '2', 1, '2015-05-01', '644', '2016-03-29 09:59:29', '2016-03-29 10:01:39'),
(230, '2', 2, '2015-05-01', '310', '2016-03-29 09:59:29', '2016-03-29 10:10:43'),
(231, '2', 3, '2015-05-01', '2178', '2016-03-29 09:59:29', '2016-03-29 10:14:18'),
(232, '2', 1, '2015-06-01', '331', '2016-03-29 09:59:29', '2016-03-29 10:01:53'),
(233, '2', 2, '2015-06-01', '506', '2016-03-29 09:59:29', '2016-03-29 10:10:49'),
(234, '2', 3, '2015-06-01', '3276', '2016-03-29 09:59:29', '2016-03-29 10:14:47'),
(235, '2', 1, '2015-07-01', '304', '2016-03-29 09:59:29', '2016-03-29 10:01:58'),
(236, '2', 2, '2015-07-01', '275', '2016-03-29 09:59:29', '2016-03-29 10:11:03'),
(237, '2', 3, '2015-07-01', '0', '2016-03-29 09:59:29', '2016-03-29 09:59:29'),
(238, '2', 1, '2015-08-01', '299', '2016-03-29 09:59:29', '2016-03-29 10:02:24'),
(239, '2', 2, '2015-08-01', '507', '2016-03-29 09:59:29', '2016-03-29 10:11:12'),
(240, '2', 3, '2015-08-01', '405', '2016-03-29 09:59:29', '2016-03-29 10:15:00'),
(241, '2', 1, '2015-09-01', '367', '2016-03-29 09:59:29', '2016-03-29 10:02:31'),
(242, '2', 2, '2015-09-01', '750', '2016-03-29 09:59:29', '2016-03-29 10:11:23'),
(243, '2', 3, '2015-09-01', '0', '2016-03-29 09:59:29', '2016-03-29 09:59:29'),
(244, '2', 1, '2015-10-01', '396', '2016-03-29 09:59:29', '2016-03-29 10:05:56'),
(245, '2', 2, '2015-10-01', '499', '2016-03-29 09:59:29', '2016-03-29 10:11:35'),
(246, '2', 3, '2015-10-01', '268', '2016-03-29 09:59:29', '2016-03-29 10:15:16'),
(247, '2', 1, '2015-11-01', '284', '2016-03-29 09:59:29', '2016-03-29 10:04:23'),
(248, '2', 2, '2015-11-01', '226', '2016-03-29 09:59:29', '2016-03-29 10:11:48'),
(249, '2', 3, '2015-11-01', '604', '2016-03-29 09:59:29', '2016-03-29 10:15:27'),
(250, '2', 1, '2015-12-01', '499', '2016-03-29 09:59:29', '2016-03-29 10:04:35'),
(251, '2', 2, '2015-12-01', '77', '2016-03-29 09:59:29', '2016-03-29 10:12:28'),
(252, '2', 3, '2015-12-01', '4531', '2016-03-29 09:59:29', '2016-03-29 10:15:40'),
(253, '3', 1, '2015-01-03', '161', '2016-03-29 21:51:43', '2016-03-29 21:52:28'),
(254, '3', 2, '2015-01-03', '1313', '2016-03-29 21:51:43', '2016-03-29 21:52:40'),
(255, '3', 3, '2015-01-03', '1605', '2016-03-29 21:51:43', '2016-03-29 21:52:52'),
(256, '3', 1, '2015-02-01', '399', '2016-03-29 21:51:43', '2016-03-29 21:53:20'),
(257, '3', 2, '2015-02-01', '803', '2016-03-29 21:51:43', '2016-03-29 21:53:25'),
(258, '3', 3, '2015-02-01', '981', '2016-03-29 21:51:43', '2016-03-29 21:53:34'),
(259, '3', 1, '2015-03-01', '449', '2016-03-29 21:51:43', '2016-03-29 21:53:46'),
(260, '3', 2, '2015-03-01', '1137', '2016-03-29 21:51:43', '2016-03-29 21:53:58'),
(261, '3', 3, '2015-03-01', '2653', '2016-03-29 21:51:43', '2016-03-29 21:54:09'),
(262, '3', 1, '2015-04-01', '435', '2016-03-29 21:51:43', '2016-03-29 22:01:05'),
(263, '3', 2, '2015-04-01', '2276', '2016-03-29 21:51:43', '2016-03-29 21:54:25'),
(264, '3', 3, '2015-04-01', '0', '2016-03-29 21:51:43', '2016-03-29 21:51:43'),
(265, '3', 1, '2015-05-01', '316', '2016-03-29 21:51:43', '2016-03-29 21:54:50'),
(266, '3', 2, '2015-05-01', '732', '2016-03-29 21:51:43', '2016-03-29 21:54:55'),
(267, '3', 3, '2015-05-01', '1709', '2016-03-29 21:51:43', '2016-03-29 21:55:08'),
(268, '3', 1, '2015-06-01', '303', '2016-03-29 21:51:43', '2016-03-29 21:55:24'),
(269, '3', 2, '2015-06-01', '1344', '2016-03-29 21:51:43', '2016-03-29 21:55:32'),
(270, '3', 3, '2015-06-01', '3135', '2016-03-29 21:51:43', '2016-03-29 21:55:43'),
(271, '3', 1, '2015-07-01', '349', '2016-03-29 21:51:43', '2016-03-29 21:55:52'),
(272, '3', 2, '2015-07-01', '560', '2016-03-29 21:51:43', '2016-03-29 21:56:02'),
(273, '3', 3, '2015-07-01', '3286', '2016-03-29 21:51:43', '2016-03-29 21:56:11'),
(274, '3', 1, '2015-08-01', '425', '2016-03-29 21:51:43', '2016-03-29 21:56:21'),
(275, '3', 2, '2015-08-01', '1684', '2016-03-29 21:51:43', '2016-03-29 21:56:48'),
(276, '3', 3, '2015-08-01', '5711', '2016-03-29 21:51:43', '2016-03-29 21:57:01'),
(277, '3', 1, '2015-09-01', '375', '2016-03-29 21:51:43', '2016-03-29 21:57:13'),
(278, '3', 2, '2015-09-01', '2921', '2016-03-29 21:51:43', '2016-03-29 21:57:22'),
(279, '3', 3, '2015-09-01', '8387', '2016-03-29 21:51:43', '2016-03-29 21:57:34'),
(280, '3', 1, '2015-10-01', '425', '2016-03-29 21:51:43', '2016-03-29 21:57:46'),
(281, '3', 2, '2015-10-01', '561', '2016-03-29 21:51:43', '2016-03-29 21:57:59'),
(282, '3', 3, '2015-10-01', '415', '2016-03-29 21:51:43', '2016-03-29 21:58:08'),
(283, '3', 1, '2015-11-01', '450', '2016-03-29 21:51:43', '2016-03-29 21:58:18'),
(284, '3', 2, '2015-11-01', '1238', '2016-03-29 21:51:43', '2016-03-29 21:58:24'),
(285, '3', 3, '2015-11-01', '1952', '2016-03-29 21:51:43', '2016-03-29 21:58:32'),
(286, '3', 1, '2015-12-01', '511', '2016-03-29 21:51:43', '2016-03-29 21:58:41'),
(287, '3', 2, '2015-12-01', '966', '2016-03-29 21:51:43', '2016-03-29 21:58:49'),
(288, '3', 3, '2015-12-01', '98', '2016-03-29 21:51:43', '2016-03-29 21:58:58'),
(289, '4', 1, '2015-01-03', '0', '2016-03-29 22:54:28', '2016-03-29 22:54:28'),
(290, '4', 2, '2015-01-03', '0', '2016-03-29 22:54:28', '2016-03-29 22:54:28'),
(291, '4', 3, '2015-01-03', '0', '2016-03-29 22:54:28', '2016-03-29 22:54:28'),
(292, '4', 1, '2015-02-01', '0', '2016-03-29 22:54:28', '2016-03-29 22:54:28'),
(293, '4', 2, '2015-02-01', '0', '2016-03-29 22:54:28', '2016-03-29 22:54:28'),
(294, '4', 3, '2015-02-01', '0', '2016-03-29 22:54:28', '2016-03-29 22:54:28'),
(295, '4', 1, '2015-03-01', '0', '2016-03-29 22:54:28', '2016-03-29 22:54:28'),
(296, '4', 2, '2015-03-01', '0', '2016-03-29 22:54:28', '2016-03-29 22:54:28'),
(297, '4', 3, '2015-03-01', '0', '2016-03-29 22:54:28', '2016-03-29 22:54:28'),
(298, '4', 1, '2015-04-01', '0', '2016-03-29 22:54:28', '2016-03-29 22:54:28'),
(299, '4', 2, '2015-04-01', '0', '2016-03-29 22:54:28', '2016-03-29 22:54:28'),
(300, '4', 3, '2015-04-01', '0', '2016-03-29 22:54:28', '2016-03-29 22:54:28'),
(301, '4', 1, '2015-05-01', '0', '2016-03-29 22:54:28', '2016-03-29 22:54:28'),
(302, '4', 2, '2015-05-01', '0', '2016-03-29 22:54:28', '2016-03-29 22:54:28'),
(303, '4', 3, '2015-05-01', '0', '2016-03-29 22:54:28', '2016-03-29 22:54:28'),
(304, '4', 1, '2015-06-01', '0', '2016-03-29 22:54:28', '2016-03-29 22:54:28'),
(305, '4', 2, '2015-06-01', '0', '2016-03-29 22:54:28', '2016-03-29 22:54:28'),
(306, '4', 3, '2015-06-01', '0', '2016-03-29 22:54:28', '2016-03-29 22:54:28'),
(307, '4', 1, '2015-07-01', '0', '2016-03-29 22:54:28', '2016-03-29 22:54:28'),
(308, '4', 2, '2015-07-01', '0', '2016-03-29 22:54:28', '2016-03-29 22:54:28'),
(309, '4', 3, '2015-07-01', '0', '2016-03-29 22:54:28', '2016-03-29 22:54:28'),
(310, '4', 1, '2015-08-01', '0', '2016-03-29 22:54:28', '2016-03-29 22:54:28'),
(311, '4', 2, '2015-08-01', '0', '2016-03-29 22:54:28', '2016-03-29 22:54:28'),
(312, '4', 3, '2015-08-01', '0', '2016-03-29 22:54:28', '2016-03-29 22:54:28'),
(313, '4', 1, '2015-09-01', '0', '2016-03-29 22:54:28', '2016-03-29 22:54:28'),
(314, '4', 2, '2015-09-01', '0', '2016-03-29 22:54:28', '2016-03-29 22:54:28'),
(315, '4', 3, '2015-09-01', '0', '2016-03-29 22:54:28', '2016-03-29 22:54:28'),
(316, '4', 1, '2015-10-01', '550', '2016-03-29 22:54:28', '2016-03-29 22:55:34'),
(317, '4', 2, '2015-10-01', '1796', '2016-03-29 22:54:28', '2016-03-29 22:55:46'),
(318, '4', 3, '2015-10-01', '0', '2016-03-29 22:54:28', '2016-03-29 22:54:28'),
(319, '4', 1, '2015-11-01', '550', '2016-03-29 22:54:28', '2016-03-29 22:55:56'),
(320, '4', 2, '2015-11-01', '5732', '2016-03-29 22:54:28', '2016-03-29 22:56:06'),
(321, '4', 3, '2015-11-01', '0', '2016-03-29 22:54:28', '2016-03-29 22:54:28'),
(322, '4', 1, '2015-12-01', '500', '2016-03-29 22:54:28', '2016-03-30 02:56:38'),
(323, '4', 2, '2015-12-01', '7733', '2016-03-29 22:54:28', '2016-03-29 22:56:18'),
(324, '4', 3, '2015-12-01', '1208', '2016-03-29 22:54:28', '2016-03-29 22:58:41'),
(325, '5', 1, '2015-01-03', '0', '2016-03-29 23:22:02', '2016-03-29 23:22:02'),
(326, '5', 2, '2015-01-03', '0', '2016-03-29 23:22:02', '2016-03-29 23:22:02'),
(327, '5', 3, '2015-01-03', '0', '2016-03-29 23:22:02', '2016-03-29 23:22:02'),
(328, '5', 1, '2015-02-01', '0', '2016-03-29 23:22:02', '2016-03-29 23:22:02'),
(329, '5', 2, '2015-02-01', '0', '2016-03-29 23:22:02', '2016-03-29 23:22:02'),
(330, '5', 3, '2015-02-01', '0', '2016-03-29 23:22:02', '2016-03-29 23:22:02'),
(331, '5', 1, '2015-03-01', '0', '2016-03-29 23:22:02', '2016-03-29 23:22:02'),
(332, '5', 2, '2015-03-01', '0', '2016-03-29 23:22:02', '2016-03-29 23:22:02'),
(333, '5', 3, '2015-03-01', '0', '2016-03-29 23:22:02', '2016-03-29 23:22:02'),
(334, '5', 1, '2015-04-01', '0', '2016-03-29 23:22:02', '2016-03-29 23:22:02'),
(335, '5', 2, '2015-04-01', '0', '2016-03-29 23:22:02', '2016-03-29 23:22:02'),
(336, '5', 3, '2015-04-01', '0', '2016-03-29 23:22:02', '2016-03-29 23:22:02'),
(337, '5', 1, '2015-05-01', '200', '2016-03-29 23:22:02', '2016-03-29 23:23:16'),
(338, '5', 2, '2015-05-01', '745', '2016-03-29 23:22:02', '2016-03-29 23:23:22'),
(339, '5', 3, '2015-05-01', '0', '2016-03-29 23:22:02', '2016-03-29 23:22:02'),
(340, '5', 1, '2015-06-01', '450', '2016-03-29 23:22:02', '2016-03-29 23:23:32'),
(341, '5', 2, '2015-06-01', '761', '2016-03-29 23:22:02', '2016-03-29 23:23:37'),
(342, '5', 3, '2015-06-01', '1834', '2016-03-29 23:22:02', '2016-03-29 23:23:47'),
(343, '5', 1, '2015-07-01', '350', '2016-03-29 23:22:02', '2016-03-29 23:23:58'),
(344, '5', 2, '2015-07-01', '738', '2016-03-29 23:22:02', '2016-03-29 23:24:03'),
(345, '5', 3, '2015-07-01', '5349', '2016-03-29 23:22:02', '2016-03-29 23:24:15'),
(346, '5', 1, '2015-08-01', '600', '2016-03-29 23:22:02', '2016-03-29 23:24:35'),
(347, '5', 2, '2015-08-01', '1090', '2016-03-29 23:22:02', '2016-03-29 23:24:50'),
(348, '5', 3, '2015-08-01', '5841', '2016-03-29 23:22:02', '2016-03-29 23:25:02'),
(349, '5', 1, '2015-09-01', '675', '2016-03-29 23:22:02', '2016-03-29 23:27:29'),
(350, '5', 2, '2015-09-01', '2803', '2016-03-29 23:22:02', '2016-03-29 23:27:38'),
(351, '5', 3, '2015-09-01', '3442', '2016-03-29 23:22:02', '2016-03-29 23:27:46'),
(352, '5', 1, '2015-10-01', '650', '2016-03-29 23:22:02', '2016-03-29 23:27:58'),
(353, '5', 2, '2015-10-01', '1490', '2016-03-29 23:22:02', '2016-03-29 23:28:40'),
(354, '5', 3, '2015-10-01', '1062', '2016-03-29 23:22:02', '2016-03-29 23:28:50'),
(355, '5', 1, '2015-11-01', '750', '2016-03-29 23:22:02', '2016-03-29 23:29:12'),
(356, '5', 2, '2015-11-01', '962', '2016-03-29 23:22:02', '2016-03-29 23:29:23'),
(357, '5', 3, '2015-11-01', '9751', '2016-03-29 23:22:02', '2016-03-29 23:29:31'),
(358, '5', 1, '2015-12-01', '1059', '2016-03-29 23:22:02', '2016-03-29 23:29:41'),
(359, '5', 2, '2015-12-01', '878', '2016-03-29 23:22:02', '2016-03-29 23:29:54'),
(360, '5', 3, '2015-12-01', '17080', '2016-03-29 23:22:02', '2016-03-29 23:30:06');

-- --------------------------------------------------------

--
-- Table structure for table `file`
--

CREATE TABLE IF NOT EXISTS `file` (
  `id` int(10) unsigned NOT NULL AUTO_INCREMENT,
  `proyek_id` int(10) NOT NULL,
  `divisi_id` int(14) NOT NULL,
  `mime` varchar(255) COLLATE utf8_unicode_ci NOT NULL,
  `original_name` varchar(255) COLLATE utf8_unicode_ci NOT NULL,
  `filename` varchar(255) COLLATE utf8_unicode_ci NOT NULL,
  `date` date NOT NULL,
  `created_at` timestamp NOT NULL DEFAULT '0000-00-00 00:00:00',
  `updated_at` timestamp NOT NULL DEFAULT '0000-00-00 00:00:00',
  PRIMARY KEY (`id`)
) ENGINE=MyISAM  DEFAULT CHARSET=utf8 COLLATE=utf8_unicode_ci AUTO_INCREMENT=12 ;

--
-- Dumping data for table `file`
--

INSERT INTO `file` (`id`, `proyek_id`, `divisi_id`, `mime`, `original_name`, `filename`, `date`, `created_at`, `updated_at`) VALUES
(6, 0, 1, 'pdf', '3. Hasil Akreditasi 29 September 2015.pdf', 'phpF4F3.tmp.pdf', '2015-11-01', '2016-02-27 01:49:19', '2016-02-27 01:49:19'),
(7, 1, 0, 'pdf', '[EternityCyber]1Panduan Lengkap PHP Ajax jQuery.pdf', 'php1E2D.tmp.pdf', '2015-12-01', '2016-02-29 21:03:53', '2016-02-29 21:03:53');

-- --------------------------------------------------------

--
-- Table structure for table `history`
--

CREATE TABLE IF NOT EXISTS `history` (
  `id` int(12) NOT NULL AUTO_INCREMENT,
  `user_id` int(12) NOT NULL,
  `column` varchar(255) NOT NULL,
  `before` varchar(255) NOT NULL,
  `after` varchar(255) NOT NULL,
  `created_at` timestamp NOT NULL DEFAULT CURRENT_TIMESTAMP ON UPDATE CURRENT_TIMESTAMP,
  `updated_at` timestamp NOT NULL DEFAULT '0000-00-00 00:00:00',
  PRIMARY KEY (`id`)
) ENGINE=MyISAM  DEFAULT CHARSET=latin1 AUTO_INCREMENT=26 ;

--
-- Dumping data for table `history`
--

INSERT INTO `history` (`id`, `user_id`, `column`, `before`, `after`, `created_at`, `updated_at`) VALUES
(6, 1, 'ket', '', 'tidak ada dana', '2016-03-14 15:06:41', '2016-03-14 15:06:41'),
(14, 1, 'ket', '', 'cair sekitar tanggal 20', '2016-03-29 06:31:36', '2016-03-29 06:31:36'),
(13, 1, 'ket', '', 'proyek sudah selesai', '2016-03-29 05:59:58', '2016-03-29 05:59:58'),
(12, 1, 'ket', '', 'tidak ada dana', '2016-03-16 21:52:32', '2016-03-16 21:52:32'),
(15, 1, 'ket', '', 'akan cair pada tanggal 20', '2016-03-29 09:17:47', '2016-03-29 09:17:47'),
(16, 1, 'ket', '', 'nunggu persetujuan owner', '2016-03-29 21:33:37', '2016-03-29 21:33:37'),
(17, 1, 'ket', 'nunggu persetujuan owner', 'tunggu tanda tangan owner', '2016-03-29 21:45:41', '2016-03-29 21:45:41'),
(18, 1, 'ket', 'nunggu persetujuan owner', 'owner belum ada uang', '2016-03-29 22:08:29', '2016-03-29 22:08:29'),
(19, 1, 'ket', 'nunggu persetujuan owner', 'tidak ada penerimaan termyn', '2016-03-30 02:04:23', '2016-03-30 02:04:23'),
(20, 1, 'ket', 'nunggu persetujuan owner', '0', '2016-03-30 04:46:02', '2016-03-30 04:46:02'),
(21, 1, 'ket', 'nunggu persetujuan owner', '0', '2016-03-30 04:54:45', '2016-03-30 04:54:45'),
(22, 1, 'ket', 'nunggu persetujuan owner', 'owner tidak ada dana', '2016-03-30 04:55:24', '2016-03-30 04:55:24'),
(23, 1, 'ket', 'nunggu persetujuan owner', 'proyek sudah selesai', '2016-03-30 05:12:15', '2016-03-30 05:12:15'),
(24, 1, 'ket', 'nunggu persetujuan owner', 'proyek selesai', '2016-04-05 04:03:13', '2016-04-05 04:03:13'),
(25, 1, 'ket', 'nunggu persetujuan owner', 'proses tanda tangan owner', '2016-04-09 03:10:10', '2016-04-09 03:10:10');

-- --------------------------------------------------------

--
-- Table structure for table `loans`
--

CREATE TABLE IF NOT EXISTS `loans` (
  `id` int(10) unsigned NOT NULL AUTO_INCREMENT,
  `proyek_id` varchar(255) COLLATE utf8_unicode_ci NOT NULL,
  `cash_in` varchar(255) COLLATE utf8_unicode_ci NOT NULL,
  `cash_out` varchar(255) COLLATE utf8_unicode_ci NOT NULL,
  `cash_dwi1` varchar(255) COLLATE utf8_unicode_ci NOT NULL,
  `cash_dwi2` varchar(255) COLLATE utf8_unicode_ci NOT NULL,
  `accept_cashdwi` varchar(255) COLLATE utf8_unicode_ci NOT NULL,
  `tgl_dwi1` date NOT NULL,
  `tgl_dwi2` date NOT NULL,
  `cash_konvensional` varchar(255) COLLATE utf8_unicode_ci NOT NULL,
  `cash_bank` varchar(255) COLLATE utf8_unicode_ci NOT NULL,
  `accept_cashkon` varchar(255) COLLATE utf8_unicode_ci NOT NULL,
  `ket` varchar(255) COLLATE utf8_unicode_ci NOT NULL,
  `created_at` timestamp NOT NULL DEFAULT '0000-00-00 00:00:00',
  `updated_at` timestamp NOT NULL DEFAULT '0000-00-00 00:00:00',
  PRIMARY KEY (`id`)
) ENGINE=MyISAM  DEFAULT CHARSET=utf8 COLLATE=utf8_unicode_ci AUTO_INCREMENT=26 ;

--
-- Dumping data for table `loans`
--

INSERT INTO `loans` (`id`, `proyek_id`, `cash_in`, `cash_out`, `cash_dwi1`, `cash_dwi2`, `accept_cashdwi`, `tgl_dwi1`, `tgl_dwi2`, `cash_konvensional`, `cash_bank`, `accept_cashkon`, `ket`, `created_at`, `updated_at`) VALUES
(1, '1', '38949', '18239', '3249', '1960', '0', '2015-12-01', '2015-12-15', '7024', '19766', '0', 'droping proyek', '2016-02-16 01:31:05', '2016-03-29 21:36:27'),
(2, '1', '0', '0', '0', '0', '0', '2015-11-01', '2015-11-15', '0', '0', '0', '', '2016-02-19 09:00:29', '2016-02-19 09:00:29'),
(3, '2', '26485', '17554', '215', '215', '0', '2015-12-01', '2015-12-15', '94', '2898', '0', 'droping proyek', '2016-03-13 00:40:01', '2016-03-29 09:25:32'),
(4, '4', '35956', '8628', '329', '329', '0', '2015-12-01', '2015-12-15', '7733', '1208', '0', 'droping proyek', '2016-03-13 01:18:13', '2016-03-29 22:51:03'),
(5, '2', '30005', '35107', '211', '211', '0', '2016-01-01', '2016-01-15', '520', '8840', '0', 'operasional proyek', '2016-03-14 15:07:07', '2016-03-30 01:35:59'),
(6, '1', '0', '0', '0', '0', '0', '2016-01-01', '2016-01-15', '0', '0', '0', '', '2016-03-14 16:12:43', '2016-03-24 02:03:25'),
(7, '3', '0', '0', '0', '0', '0', '2015-01-01', '2015-01-15', '0', '0', '0', '', '2016-03-15 04:48:49', '2016-03-15 04:48:49'),
(8, '1', '4', '0', '0', '0', '0', '2015-01-01', '2015-01-15', '0', '0', '0', '', '2016-03-15 04:49:51', '2016-03-15 04:49:55'),
(9, '4', '54300', '31000', '0', '0', '0', '2016-01-01', '2016-01-15', '7600', '6500', '0', '', '2016-03-16 00:23:34', '2016-03-16 00:46:33'),
(10, '3', '43', '12', '5', '7', '0', '2016-01-01', '2016-01-15', '0', '0', '0', '', '2016-03-16 00:24:07', '2016-03-16 00:40:57'),
(11, '5', '7600', '4300', '1000', '1000', '0', '2016-01-01', '2016-01-15', '300', '500', '0', '', '2016-03-16 00:55:16', '2016-03-16 00:56:22'),
(12, '1', '11461', '24305', '305', '305', '0', '2016-03-01', '2016-03-15', '4342', '3594', '0', 'droping proyek', '2016-03-24 15:13:47', '2016-04-09 03:19:24'),
(13, '2', '30005', '35107', '211', '211', '0', '2016-03-01', '2016-03-15', '520', '8840', '0', 'droping proyek', '2016-03-29 06:31:39', '2016-03-29 07:49:56'),
(14, '3', '48970', '53477', '256', '256', '0', '2015-12-01', '2015-12-15', '966', '98', '0', 'droping proyek', '2016-03-29 21:45:52', '2016-03-29 21:47:28'),
(15, '5', '46089', '39541', '530', '530', '0', '2015-12-01', '2015-12-15', '878', '17080', '0', 'droping proyek', '2016-03-29 23:12:18', '2016-03-29 23:18:13'),
(16, '3', '157360', '155078', '79', '79', '0', '2016-03-01', '2016-03-15', '24', '48', '0', 'droping proyek', '2016-03-30 02:03:48', '2016-03-30 02:07:07'),
(17, '4', '0', '0', '0', '0', '0', '2016-03-01', '2016-03-15', '0', '0', '0', '', '2016-03-30 02:34:39', '2016-03-30 05:13:18'),
(19, '4', '0', '0', '0', '0', '0', '2017-01-01', '2017-01-15', '0', '0', '0', '', '2016-04-05 03:54:59', '2016-04-05 03:54:59'),
(18, '5', '46089', '79496', '596', '596', '0', '2016-03-01', '2016-03-15', '582', '10102', '0', '', '2016-03-30 03:33:43', '2016-03-31 16:55:28'),
(20, '1', '0', '0', '0', '0', '0', '2015-03-01', '2015-03-15', '0', '0', '0', '', '2016-04-10 14:36:52', '2016-04-10 14:36:52'),
(21, '1', '0', '0', '0', '0', '0', '2016-04-01', '2016-04-15', '0', '0', '0', '', '2016-04-10 19:10:52', '2016-04-10 19:10:52'),
(22, '2', '0', '0', '0', '0', '0', '2016-04-01', '2016-04-15', '0', '0', '0', '', '2016-04-10 19:11:54', '2016-04-10 19:11:54'),
(23, '5', '0', '0', '0', '0', '0', '2016-08-01', '2016-08-15', '0', '0', '0', '', '2016-04-10 19:55:57', '2016-04-10 19:55:57'),
(24, '3', '0', '0', '0', '0', '0', '2016-02-01', '2016-02-15', '0', '0', '0', '', '2016-04-11 17:39:38', '2016-04-11 17:39:38'),
(25, '1', '0', '0', '0', '0', '0', '2016-02-01', '2016-02-15', '0', '0', '0', '', '2016-04-12 01:41:29', '2016-04-12 01:41:29');

-- --------------------------------------------------------

--
-- Table structure for table `migrations`
--

CREATE TABLE IF NOT EXISTS `migrations` (
  `migration` varchar(255) COLLATE utf8_unicode_ci NOT NULL,
  `batch` int(11) NOT NULL
) ENGINE=MyISAM DEFAULT CHARSET=utf8 COLLATE=utf8_unicode_ci;

--
-- Dumping data for table `migrations`
--

INSERT INTO `migrations` (`migration`, `batch`) VALUES
('2016_01_28_141822_create_users_table', 1),
('2016_01_31_114049_proyeks', 1),
('2016_01_31_114238_termins', 1),
('2016_01_31_114359_loans', 1),
('2016_01_31_114631_cash_ins', 1),
('2016_01_31_114655_cash_outs', 1),
('2016_01_31_114727_omzets', 1),
('2016_01_31_120919_cash_out_details', 1),
('2016_01_31_121333_omzet_details', 1),
('2016_02_17_050733_file', 2),
('2016_02_17_051222_divisi', 2),
('2016_02_17_051246_loan_divisi', 2),
('2016_02_17_051644_cashout_divisi', 2),
('2016_02_17_051705_cashoutd_divisi', 2);

-- --------------------------------------------------------

--
-- Table structure for table `omzets`
--

CREATE TABLE IF NOT EXISTS `omzets` (
  `id` int(10) unsigned NOT NULL AUTO_INCREMENT,
  `proyek_id` varchar(255) COLLATE utf8_unicode_ci NOT NULL,
  `tgl_omzet` date NOT NULL,
  `sbu` varchar(255) COLLATE utf8_unicode_ci NOT NULL,
  `sumber_dana` varchar(255) COLLATE utf8_unicode_ci NOT NULL,
  `perolehan_dana` varchar(255) COLLATE utf8_unicode_ci NOT NULL,
  `proyeksi` varchar(255) COLLATE utf8_unicode_ci NOT NULL DEFAULT '0',
  `created_at` timestamp NOT NULL DEFAULT '0000-00-00 00:00:00',
  `updated_at` timestamp NOT NULL DEFAULT '0000-00-00 00:00:00',
  PRIMARY KEY (`id`)
) ENGINE=MyISAM  DEFAULT CHARSET=utf8 COLLATE=utf8_unicode_ci AUTO_INCREMENT=11 ;

--
-- Dumping data for table `omzets`
--

INSERT INTO `omzets` (`id`, `proyek_id`, `tgl_omzet`, `sbu`, `sumber_dana`, `perolehan_dana`, `proyeksi`, `created_at`, `updated_at`) VALUES
(1, '1', '2015-10-01', 'Fasilitas', 'DAK', 'Tender', '0', '2016-02-16 20:00:31', '2016-02-29 21:02:57'),
(2, '2', '2016-10-01', 'Fasilitas', 'APBD', 'Tender', '0', '2016-03-14 15:29:25', '2016-03-30 01:57:14'),
(3, '1', '2016-10-01', 'Fasilitas', 'DAK', 'Tender', '150000', '2016-03-14 16:13:07', '2016-04-09 03:54:41'),
(4, '3', '2016-10-01', 'Fasilitas', 'APBD TK2', 'Tender', '0', '2016-03-16 00:43:35', '2016-03-30 02:30:10'),
(5, '4', '2016-10-01', 'Fasilitas', 'APBN', 'Tender', '0', '2016-03-16 00:48:05', '2016-03-30 02:51:52'),
(6, '5', '2016-10-01', 'Fasilitas', 'APBN', 'Tender', '0', '2016-03-16 00:58:50', '2016-03-30 04:04:47'),
(7, '2', '2015-10-01', 'Fasilitas', 'APBD', 'Tender', '0', '2016-03-29 10:16:28', '2016-03-29 21:26:20'),
(8, '3', '2015-10-01', 'Fasilitas', 'APBD TK 2', 'Tender', '0', '2016-03-29 22:01:26', '2016-03-29 22:02:26'),
(9, '4', '2015-10-01', 'Fasilitas', 'APBN', 'Tender', '0', '2016-03-29 22:58:56', '2016-03-29 23:07:52'),
(10, '5', '2015-10-01', 'Fasilitas', 'APBN', 'Tender', '0', '2016-03-29 23:31:14', '2016-03-29 23:31:48');

-- --------------------------------------------------------

--
-- Table structure for table `omzet_detail`
--

CREATE TABLE IF NOT EXISTS `omzet_detail` (
  `id` int(10) unsigned NOT NULL AUTO_INCREMENT,
  `proyek_id` varchar(255) COLLATE utf8_unicode_ci NOT NULL,
  `tgl_omzet` date NOT NULL,
  `nilai_omzet` varchar(255) COLLATE utf8_unicode_ci NOT NULL,
  `created_at` timestamp NOT NULL DEFAULT '0000-00-00 00:00:00',
  `updated_at` timestamp NOT NULL DEFAULT '0000-00-00 00:00:00',
  PRIMARY KEY (`id`)
) ENGINE=MyISAM  DEFAULT CHARSET=utf8 COLLATE=utf8_unicode_ci AUTO_INCREMENT=121 ;

--
-- Dumping data for table `omzet_detail`
--

INSERT INTO `omzet_detail` (`id`, `proyek_id`, `tgl_omzet`, `nilai_omzet`, `created_at`, `updated_at`) VALUES
(1, '1', '2015-01-01', '0', '2016-02-16 20:00:10', '2016-02-16 20:00:10'),
(2, '1', '2015-02-01', '0', '2016-02-16 20:00:10', '2016-02-16 20:00:10'),
(3, '1', '2015-03-01', '0', '2016-02-16 20:00:10', '2016-02-16 20:00:10'),
(4, '1', '2015-04-01', '0', '2016-02-16 20:00:10', '2016-02-16 20:00:10'),
(5, '1', '2015-05-01', '0', '2016-02-16 20:00:10', '2016-02-16 20:00:10'),
(6, '1', '2015-06-01', '0', '2016-02-16 20:00:10', '2016-02-16 20:00:10'),
(7, '1', '2015-07-01', '0', '2016-02-16 20:00:10', '2016-02-16 20:00:10'),
(8, '1', '2015-08-01', '0', '2016-02-16 20:00:10', '2016-02-16 20:00:10'),
(9, '1', '2015-09-01', '4022', '2016-02-16 20:00:10', '2016-02-29 21:03:07'),
(10, '1', '2015-10-01', '28844', '2016-02-16 20:00:10', '2016-02-29 21:03:14'),
(11, '1', '2015-11-01', '25648', '2016-02-16 20:00:10', '2016-02-29 21:03:25'),
(12, '1', '2015-12-01', '19010', '2016-02-16 20:00:10', '2016-02-29 21:03:34'),
(13, '2', '2016-01-01', '1702', '2016-03-14 15:29:25', '2016-03-30 01:57:38'),
(14, '2', '2016-02-01', '1805', '2016-03-14 15:29:25', '2016-03-30 01:57:48'),
(15, '2', '2016-03-01', '8342', '2016-03-14 15:29:25', '2016-03-30 01:57:58'),
(16, '2', '2016-04-01', '8033', '2016-03-14 15:29:25', '2016-03-30 01:58:09'),
(17, '2', '2016-05-01', '0', '2016-03-14 15:29:25', '2016-03-14 15:29:25'),
(18, '2', '2016-06-01', '0', '2016-03-14 15:29:25', '2016-03-14 15:29:25'),
(19, '2', '2016-07-01', '0', '2016-03-14 15:29:25', '2016-03-14 15:29:25'),
(20, '2', '2016-08-01', '0', '2016-03-14 15:29:25', '2016-03-14 15:29:25'),
(21, '2', '2016-09-01', '0', '2016-03-14 15:29:25', '2016-03-14 15:29:25'),
(22, '2', '2016-10-01', '0', '2016-03-14 15:29:25', '2016-03-14 15:29:25'),
(23, '2', '2016-11-01', '0', '2016-03-14 15:29:25', '2016-03-14 15:29:25'),
(24, '2', '2016-12-01', '0', '2016-03-14 15:29:25', '2016-03-14 15:29:25'),
(25, '1', '2016-01-01', '7578', '2016-03-14 16:13:07', '2016-04-09 03:51:43'),
(26, '1', '2016-02-01', '6812', '2016-03-14 16:13:07', '2016-04-09 03:51:59'),
(27, '1', '2016-03-01', '5291', '2016-03-14 16:13:07', '2016-04-09 03:52:14'),
(28, '1', '2016-04-01', '3642', '2016-03-14 16:13:07', '2016-04-09 03:52:33'),
(29, '1', '2016-05-01', '1985', '2016-03-14 16:13:07', '2016-04-09 03:52:53'),
(30, '1', '2016-06-01', '0', '2016-03-14 16:13:07', '2016-03-14 16:13:07'),
(31, '1', '2016-07-01', '0', '2016-03-14 16:13:07', '2016-03-14 16:13:07'),
(32, '1', '2016-08-01', '0', '2016-03-14 16:13:07', '2016-03-14 16:13:07'),
(33, '1', '2016-09-01', '0', '2016-03-14 16:13:07', '2016-03-14 16:13:07'),
(34, '1', '2016-10-01', '0', '2016-03-14 16:13:07', '2016-03-14 16:13:07'),
(35, '1', '2016-11-01', '0', '2016-03-14 16:13:07', '2016-03-14 16:13:07'),
(36, '1', '2016-12-01', '0', '2016-03-14 16:13:07', '2016-03-14 16:13:07'),
(73, '2', '2015-01-01', '30', '2016-03-29 10:16:28', '2016-03-29 21:26:47'),
(37, '3', '2016-01-01', '3794', '2016-03-16 00:43:35', '2016-03-30 02:31:06'),
(38, '3', '2016-02-01', '4949', '2016-03-16 00:43:35', '2016-03-30 02:31:31'),
(39, '3', '2016-03-01', '5745', '2016-03-16 00:43:35', '2016-03-30 02:31:45'),
(40, '3', '2016-04-01', '0', '2016-03-16 00:43:35', '2016-03-16 00:43:35'),
(41, '3', '2016-05-01', '0', '2016-03-16 00:43:35', '2016-03-16 00:43:35'),
(42, '3', '2016-06-01', '0', '2016-03-16 00:43:35', '2016-03-16 00:43:35'),
(43, '3', '2016-07-01', '0', '2016-03-16 00:43:35', '2016-03-16 00:43:35'),
(44, '3', '2016-08-01', '0', '2016-03-16 00:43:35', '2016-03-16 00:43:35'),
(45, '3', '2016-09-01', '0', '2016-03-16 00:43:35', '2016-03-16 00:43:35'),
(46, '3', '2016-10-01', '0', '2016-03-16 00:43:35', '2016-03-16 00:43:35'),
(47, '3', '2016-11-01', '0', '2016-03-16 00:43:35', '2016-03-16 00:43:35'),
(48, '3', '2016-12-01', '0', '2016-03-16 00:43:35', '2016-03-16 00:43:35'),
(49, '4', '2016-01-01', '3621', '2016-03-16 00:48:05', '2016-03-30 02:52:21'),
(50, '4', '2016-02-01', '3031', '2016-03-16 00:48:05', '2016-03-30 02:52:33'),
(51, '4', '2016-03-01', '6670', '2016-03-16 00:48:05', '2016-03-30 02:53:27'),
(52, '4', '2016-04-01', '6378', '2016-03-16 00:48:05', '2016-03-30 02:53:41'),
(53, '4', '2016-05-01', '0', '2016-03-16 00:48:05', '2016-03-16 00:48:05'),
(54, '4', '2016-06-01', '0', '2016-03-16 00:48:05', '2016-03-16 00:48:05'),
(55, '4', '2016-07-01', '0', '2016-03-16 00:48:05', '2016-03-16 00:48:05'),
(56, '4', '2016-08-01', '0', '2016-03-16 00:48:05', '2016-03-16 00:48:05'),
(57, '4', '2016-09-01', '0', '2016-03-16 00:48:05', '2016-03-16 00:48:05'),
(58, '4', '2016-10-01', '0', '2016-03-16 00:48:05', '2016-03-16 00:48:05'),
(59, '4', '2016-11-01', '0', '2016-03-16 00:48:05', '2016-03-16 00:48:05'),
(60, '4', '2016-12-01', '0', '2016-03-16 00:48:05', '2016-03-16 00:48:05'),
(61, '5', '2016-01-01', '41817', '2016-03-16 00:58:50', '2016-03-30 04:05:32'),
(62, '5', '2016-02-01', '15255', '2016-03-16 00:58:50', '2016-03-30 04:06:26'),
(63, '5', '2016-03-01', '0', '2016-03-16 00:58:50', '2016-03-16 00:58:50'),
(64, '5', '2016-04-01', '0', '2016-03-16 00:58:50', '2016-03-16 00:58:50'),
(65, '5', '2016-05-01', '0', '2016-03-16 00:58:50', '2016-03-16 00:58:50'),
(66, '5', '2016-06-01', '0', '2016-03-16 00:58:50', '2016-03-16 00:58:50'),
(67, '5', '2016-07-01', '0', '2016-03-16 00:58:50', '2016-03-16 00:58:50'),
(68, '5', '2016-08-01', '0', '2016-03-16 00:58:50', '2016-03-16 00:58:50'),
(69, '5', '2016-09-01', '0', '2016-03-16 00:58:50', '2016-03-16 00:58:50'),
(70, '5', '2016-10-01', '0', '2016-03-16 00:58:50', '2016-03-16 00:58:50'),
(71, '5', '2016-11-01', '0', '2016-03-16 00:58:50', '2016-03-16 00:58:50'),
(72, '5', '2016-12-01', '0', '2016-03-16 00:58:50', '2016-03-16 00:58:50'),
(74, '2', '2015-02-01', '469', '2016-03-29 10:16:28', '2016-03-29 21:26:55'),
(75, '2', '2015-03-01', '9932', '2016-03-29 10:16:28', '2016-03-29 21:27:07'),
(76, '2', '2015-04-01', '370', '2016-03-29 10:16:28', '2016-03-29 21:27:17'),
(77, '2', '2015-05-01', '178', '2016-03-29 10:16:28', '2016-03-29 21:27:23'),
(78, '2', '2015-06-01', '0', '2016-03-29 10:16:28', '2016-03-29 10:16:28'),
(79, '2', '2015-07-01', '216', '2016-03-29 10:16:28', '2016-03-29 21:27:50'),
(80, '2', '2015-08-01', '474', '2016-03-29 10:16:28', '2016-03-29 21:28:03'),
(81, '2', '2015-09-01', '2264', '2016-03-29 10:16:28', '2016-03-29 21:28:15'),
(82, '2', '2015-10-01', '6199', '2016-03-29 10:16:28', '2016-03-29 21:28:26'),
(83, '2', '2015-11-01', '10025', '2016-03-29 10:16:28', '2016-03-29 21:28:39'),
(84, '2', '2015-12-01', '19766', '2016-03-29 10:16:28', '2016-03-29 21:29:06'),
(85, '3', '2015-01-01', '3794', '2016-03-29 22:01:26', '2016-03-29 22:02:44'),
(86, '3', '2015-02-01', '4949', '2016-03-29 22:01:26', '2016-03-29 22:02:52'),
(87, '3', '2015-03-01', '5745', '2016-03-29 22:01:26', '2016-03-29 22:03:02'),
(88, '3', '2015-04-01', '8010', '2016-03-29 22:01:26', '2016-03-29 22:03:13'),
(89, '3', '2015-05-01', '9060', '2016-03-29 22:01:26', '2016-03-29 22:03:24'),
(90, '3', '2015-06-01', '10670', '2016-03-29 22:01:26', '2016-03-29 22:03:36'),
(91, '3', '2015-07-01', '5045', '2016-03-29 22:01:26', '2016-03-29 22:03:48'),
(92, '3', '2015-08-01', '1287', '2016-03-29 22:01:26', '2016-03-29 22:03:58'),
(93, '3', '2015-09-01', '1804', '2016-03-29 22:01:26', '2016-03-29 22:04:13'),
(94, '3', '2015-10-01', '1116', '2016-03-29 22:01:26', '2016-03-29 22:04:26'),
(95, '3', '2015-11-01', '5720', '2016-03-29 22:01:26', '2016-03-29 22:04:35'),
(96, '3', '2015-12-01', '1119', '2016-03-29 22:01:26', '2016-03-29 22:04:48'),
(97, '4', '2015-01-01', '0', '2016-03-29 22:58:56', '2016-03-29 22:58:56'),
(98, '4', '2015-02-01', '0', '2016-03-29 22:58:56', '2016-03-29 22:58:56'),
(99, '4', '2015-03-01', '0', '2016-03-29 22:58:56', '2016-03-29 22:58:56'),
(100, '4', '2015-04-01', '0', '2016-03-29 22:58:56', '2016-03-29 22:58:56'),
(101, '4', '2015-05-01', '0', '2016-03-29 22:58:56', '2016-03-29 22:58:56'),
(102, '4', '2015-06-01', '0', '2016-03-29 22:58:56', '2016-03-29 22:58:56'),
(103, '4', '2015-07-01', '0', '2016-03-29 22:58:56', '2016-03-29 22:58:56'),
(104, '4', '2015-08-01', '0', '2016-03-29 22:58:56', '2016-03-29 22:58:56'),
(105, '4', '2015-09-01', '0', '2016-03-29 22:58:56', '2016-03-29 22:58:56'),
(106, '4', '2015-10-01', '2361', '2016-03-29 22:58:56', '2016-03-29 23:08:47'),
(107, '4', '2015-11-01', '15084', '2016-03-29 22:58:56', '2016-03-29 23:08:57'),
(108, '4', '2015-12-01', '5388', '2016-03-29 22:58:56', '2016-03-29 23:09:07'),
(109, '5', '2015-01-01', '0', '2016-03-29 23:31:14', '2016-03-29 23:31:14'),
(110, '5', '2015-02-01', '0', '2016-03-29 23:31:14', '2016-03-29 23:31:14'),
(111, '5', '2015-03-01', '0', '2016-03-29 23:31:14', '2016-03-29 23:31:14'),
(112, '5', '2015-04-01', '0', '2016-03-29 23:31:14', '2016-03-29 23:31:14'),
(113, '5', '2015-05-01', '957', '2016-03-29 23:31:14', '2016-03-29 23:33:05'),
(114, '5', '2015-06-01', '424', '2016-03-29 23:31:14', '2016-03-29 23:33:17'),
(115, '5', '2015-07-01', '2566', '2016-03-29 23:31:14', '2016-03-29 23:33:26'),
(116, '5', '2015-08-01', '4931', '2016-03-29 23:31:14', '2016-03-29 23:33:37'),
(117, '5', '2015-09-01', '10550', '2016-03-29 23:31:14', '2016-03-29 23:33:52'),
(118, '5', '2015-10-01', '13822', '2016-03-29 23:31:14', '2016-03-29 23:34:03'),
(119, '5', '2015-11-01', '9954', '2016-03-29 23:31:14', '2016-03-29 23:34:12'),
(120, '5', '2015-12-01', '15402', '2016-03-29 23:31:14', '2016-03-29 23:34:37');

-- --------------------------------------------------------

--
-- Table structure for table `proyeks`
--

CREATE TABLE IF NOT EXISTS `proyeks` (
  `id` int(10) unsigned NOT NULL AUTO_INCREMENT,
  `user_id` int(11) NOT NULL,
  `spk` varchar(255) COLLATE utf8_unicode_ci NOT NULL,
  `nm_proyek` varchar(255) COLLATE utf8_unicode_ci NOT NULL,
  `tgl_proyek` date NOT NULL,
  `tgl_akhir` date NOT NULL,
  `jenis_proyek` varchar(255) COLLATE utf8_unicode_ci NOT NULL,
  `type_proyek` varchar(255) COLLATE utf8_unicode_ci NOT NULL,
  `created_at` timestamp NOT NULL DEFAULT '0000-00-00 00:00:00',
  `updated_at` timestamp NOT NULL DEFAULT '0000-00-00 00:00:00',
  PRIMARY KEY (`id`)
) ENGINE=MyISAM  DEFAULT CHARSET=utf8 COLLATE=utf8_unicode_ci AUTO_INCREMENT=6 ;

--
-- Dumping data for table `proyeks`
--

INSERT INTO `proyeks` (`id`, `user_id`, `spk`, `nm_proyek`, `tgl_proyek`, `tgl_akhir`, `jenis_proyek`, `type_proyek`, `created_at`, `updated_at`) VALUES
(1, 3, 'F02C08', 'Pembangunan Jalan Rifaddin', '2015-01-01', '0000-00-00', '0', '0', '2015-08-31 16:00:00', '2016-03-17 00:55:51'),
(2, 0, 'E04C23', 'Pembangunan  Bendungan Lawe-Lawe', '2015-01-01', '0000-00-00', '0', '1', '0000-00-00 00:00:00', '2016-03-31 05:04:41'),
(3, 0, 'C02C29', 'Peningkatan Jalan Yos Sudarso', '2015-01-01', '0000-00-00', '0', '1', '2016-03-08 07:34:10', '2016-03-31 05:04:51'),
(4, 6, 'F02C11', 'Jembatan Manggar', '2015-01-01', '0000-00-00', '0', '0', '2016-03-08 07:44:09', '2016-04-03 15:24:38'),
(5, 0, 'F02C03', 'Pembangunan Jalan Tol Balikpapan - Samarinda Segment 1', '2015-01-01', '0000-00-00', '0', '0', '2016-03-08 07:45:02', '2016-03-13 00:33:05');

-- --------------------------------------------------------

--
-- Table structure for table `tb_divcashout`
--

CREATE TABLE IF NOT EXISTS `tb_divcashout` (
  `id` int(10) unsigned NOT NULL AUTO_INCREMENT,
  `divisi_id` int(11) NOT NULL,
  `tgl_cashout` date NOT NULL,
  `pemasaran` varchar(255) COLLATE utf8_unicode_ci NOT NULL,
  `sekretariat` varchar(255) COLLATE utf8_unicode_ci NOT NULL,
  `fasilitas` varchar(255) COLLATE utf8_unicode_ci NOT NULL,
  `personalia` varchar(255) COLLATE utf8_unicode_ci NOT NULL,
  `keuangan` varchar(255) COLLATE utf8_unicode_ci NOT NULL,
  `kendaraan` varchar(255) COLLATE utf8_unicode_ci NOT NULL,
  `umum` varchar(255) COLLATE utf8_unicode_ci NOT NULL,
  `created_at` timestamp NOT NULL DEFAULT '0000-00-00 00:00:00',
  `updated_at` timestamp NOT NULL DEFAULT '0000-00-00 00:00:00',
  PRIMARY KEY (`id`)
) ENGINE=MyISAM  DEFAULT CHARSET=utf8 COLLATE=utf8_unicode_ci AUTO_INCREMENT=3 ;

--
-- Dumping data for table `tb_divcashout`
--

INSERT INTO `tb_divcashout` (`id`, `divisi_id`, `tgl_cashout`, `pemasaran`, `sekretariat`, `fasilitas`, `personalia`, `keuangan`, `kendaraan`, `umum`, `created_at`, `updated_at`) VALUES
(1, 1, '2015-10-01', '2360', '156', '1064', '5656', '51', '791', '3589', '2016-02-16 23:25:23', '2016-02-29 21:32:14'),
(2, 1, '2016-10-01', '1270', '180', '955', '3756', '125', '634', '3310', '2016-03-14 16:04:27', '2016-04-09 04:16:03');

-- --------------------------------------------------------

--
-- Table structure for table `tb_divcashout_detail`
--

CREATE TABLE IF NOT EXISTS `tb_divcashout_detail` (
  `id` int(10) unsigned NOT NULL AUTO_INCREMENT,
  `divisi_id` int(11) NOT NULL,
  `cashout_id` int(11) NOT NULL,
  `tgl_cashout` date NOT NULL,
  `nilai_cashout` varchar(255) COLLATE utf8_unicode_ci NOT NULL,
  `created_at` timestamp NOT NULL DEFAULT '0000-00-00 00:00:00',
  `updated_at` timestamp NOT NULL DEFAULT '0000-00-00 00:00:00',
  PRIMARY KEY (`id`)
) ENGINE=MyISAM  DEFAULT CHARSET=utf8 COLLATE=utf8_unicode_ci AUTO_INCREMENT=169 ;

--
-- Dumping data for table `tb_divcashout_detail`
--

INSERT INTO `tb_divcashout_detail` (`id`, `divisi_id`, `cashout_id`, `tgl_cashout`, `nilai_cashout`, `created_at`, `updated_at`) VALUES
(1, 1, 1, '2015-01-01', '94', '2016-02-16 22:35:39', '2016-02-29 21:32:25'),
(2, 1, 2, '2015-01-01', '8', '2016-02-16 22:35:39', '2016-02-29 21:33:04'),
(3, 1, 3, '2015-01-01', '141', '2016-02-16 22:35:39', '2016-02-29 21:32:56'),
(4, 1, 4, '2015-01-01', '66', '2016-02-16 22:35:39', '2016-02-29 21:32:52'),
(5, 1, 5, '2015-01-01', '1', '2016-02-16 22:35:39', '2016-02-29 21:32:45'),
(6, 1, 6, '2015-01-01', '27', '2016-02-16 22:35:40', '2016-02-29 21:32:42'),
(7, 1, 7, '2015-01-01', '211', '2016-02-16 22:35:40', '2016-02-29 21:32:38'),
(8, 1, 1, '2015-02-01', '116', '2016-02-16 22:35:40', '2016-02-29 21:32:28'),
(9, 1, 2, '2015-02-01', '13', '2016-02-16 22:35:40', '2016-02-29 22:50:25'),
(10, 1, 3, '2015-02-01', '46', '2016-02-16 22:35:40', '2016-02-29 22:51:34'),
(11, 1, 4, '2015-02-01', '314', '2016-02-16 22:35:40', '2016-02-29 22:53:08'),
(12, 1, 5, '2015-02-01', '0', '2016-02-16 22:35:40', '2016-02-16 22:35:40'),
(13, 1, 6, '2015-02-01', '11', '2016-02-16 22:35:40', '2016-02-29 22:56:06'),
(14, 1, 7, '2015-02-01', '54', '2016-02-16 22:35:40', '2016-02-29 22:57:10'),
(15, 1, 1, '2015-03-01', '198', '2016-02-16 22:35:40', '2016-02-29 22:49:29'),
(16, 1, 2, '2015-03-01', '12', '2016-02-16 22:35:40', '2016-02-29 22:50:35'),
(17, 1, 3, '2015-03-01', '87', '2016-02-16 22:35:40', '2016-02-29 22:51:37'),
(18, 1, 4, '2015-03-01', '595', '2016-02-16 22:35:40', '2016-02-29 22:53:28'),
(19, 1, 5, '2015-03-01', '0', '2016-02-16 22:35:40', '2016-02-16 22:35:40'),
(20, 1, 6, '2015-03-01', '54', '2016-02-16 22:35:40', '2016-02-29 22:56:10'),
(21, 1, 7, '2015-03-01', '440', '2016-02-16 22:35:40', '2016-02-29 22:57:14'),
(22, 1, 1, '2015-04-01', '66', '2016-02-16 23:22:18', '2016-02-29 22:49:36'),
(23, 1, 2, '2015-04-01', '33', '2016-02-16 23:22:18', '2016-02-29 22:50:38'),
(24, 1, 3, '2015-04-01', '63', '2016-02-16 23:22:18', '2016-02-29 22:52:01'),
(25, 1, 4, '2015-04-01', '194', '2016-02-16 23:22:18', '2016-02-29 22:58:16'),
(26, 1, 5, '2015-04-01', '1', '2016-02-16 23:22:18', '2016-02-29 22:55:39'),
(27, 1, 6, '2015-04-01', '133', '2016-02-16 23:22:18', '2016-02-29 22:56:18'),
(28, 1, 7, '2015-04-01', '438', '2016-02-16 23:22:18', '2016-02-29 22:57:22'),
(29, 1, 1, '2015-05-01', '52', '2016-02-16 23:22:18', '2016-02-29 22:49:39'),
(30, 1, 2, '2015-05-01', '11', '2016-02-16 23:22:18', '2016-02-29 22:50:45'),
(31, 1, 3, '2015-05-01', '219', '2016-02-16 23:22:18', '2016-02-29 22:52:05'),
(32, 1, 4, '2015-05-01', '449', '2016-02-16 23:22:18', '2016-02-29 22:54:33'),
(33, 1, 5, '2015-05-01', '5', '2016-02-16 23:22:18', '2016-02-29 22:55:43'),
(34, 1, 6, '2015-05-01', '50', '2016-02-16 23:22:18', '2016-02-29 22:56:21'),
(35, 1, 7, '2015-05-01', '187', '2016-02-16 23:22:18', '2016-02-29 22:57:26'),
(36, 1, 1, '2015-06-01', '296', '2016-02-16 23:22:18', '2016-02-29 22:49:46'),
(37, 1, 2, '2015-06-01', '12', '2016-02-16 23:22:18', '2016-02-29 22:50:48'),
(38, 1, 3, '2015-06-01', '32', '2016-02-16 23:22:18', '2016-02-29 22:52:12'),
(39, 1, 4, '2015-06-01', '655', '2016-02-16 23:22:18', '2016-02-29 22:54:41'),
(40, 1, 5, '2015-06-01', '1', '2016-02-16 23:22:18', '2016-02-29 22:55:46'),
(41, 1, 6, '2015-06-01', '28', '2016-02-16 23:22:18', '2016-02-29 22:56:27'),
(42, 1, 7, '2015-06-01', '440', '2016-02-16 23:22:18', '2016-02-29 22:57:35'),
(43, 1, 1, '2015-07-01', '141', '2016-02-16 23:22:18', '2016-02-29 22:49:49'),
(44, 1, 2, '2015-07-01', '16', '2016-02-16 23:22:18', '2016-02-29 22:50:51'),
(45, 1, 3, '2015-07-01', '95', '2016-02-16 23:22:18', '2016-02-29 22:52:17'),
(46, 1, 4, '2015-07-01', '513', '2016-02-16 23:22:18', '2016-02-29 22:54:46'),
(47, 1, 5, '2015-07-01', '0', '2016-02-16 23:22:18', '2016-02-16 23:22:18'),
(48, 1, 6, '2015-07-01', '81', '2016-02-16 23:22:18', '2016-02-29 22:56:30'),
(49, 1, 7, '2015-07-01', '287', '2016-02-16 23:22:19', '2016-02-29 22:57:39'),
(50, 1, 1, '2015-08-01', '539', '2016-02-16 23:22:19', '2016-02-29 22:54:59'),
(51, 1, 2, '2015-08-01', '5', '2016-02-16 23:22:19', '2016-02-29 22:51:08'),
(52, 1, 3, '2015-08-01', '56', '2016-02-16 23:22:19', '2016-02-29 22:52:27'),
(53, 1, 4, '2015-08-01', '0', '2016-02-16 23:22:19', '2016-02-16 23:22:19'),
(54, 1, 5, '2015-08-01', '4', '2016-02-16 23:22:19', '2016-02-29 22:55:54'),
(55, 1, 6, '2015-08-01', '182', '2016-02-16 23:22:19', '2016-02-29 22:56:37'),
(56, 1, 7, '2015-08-01', '210', '2016-02-16 23:22:19', '2016-02-29 22:57:47'),
(57, 1, 1, '2015-09-01', '117', '2016-02-16 23:22:19', '2016-02-29 22:50:09'),
(58, 1, 2, '2015-09-01', '7', '2016-02-16 23:22:19', '2016-02-29 22:51:11'),
(59, 1, 3, '2015-09-01', '168', '2016-02-16 23:22:19', '2016-02-29 22:52:31'),
(60, 1, 4, '2015-09-01', '557', '2016-02-16 23:22:19', '2016-02-29 22:55:07'),
(61, 1, 5, '2015-09-01', '0', '2016-02-16 23:22:19', '2016-02-16 23:22:19'),
(62, 1, 6, '2015-09-01', '62', '2016-02-16 23:22:19', '2016-02-29 22:56:40'),
(63, 1, 7, '2015-09-01', '541', '2016-02-16 23:22:19', '2016-02-29 22:57:51'),
(64, 1, 1, '2015-10-01', '471', '2016-02-16 23:22:19', '2016-02-29 21:33:24'),
(65, 1, 2, '2015-10-01', '9', '2016-02-16 23:22:19', '2016-02-29 22:51:13'),
(66, 1, 3, '2015-10-01', '71', '2016-02-16 23:22:19', '2016-02-29 22:52:39'),
(67, 1, 4, '2015-10-01', '571', '2016-02-16 23:22:19', '2016-02-29 22:55:11'),
(68, 1, 5, '2015-10-01', '0', '2016-02-16 23:22:19', '2016-02-16 23:22:19'),
(69, 1, 6, '2015-10-01', '6', '2016-02-16 23:22:19', '2016-02-29 22:56:48'),
(70, 1, 7, '2015-10-01', '253', '2016-02-16 23:22:19', '2016-02-29 22:58:01'),
(71, 1, 1, '2015-11-01', '637', '2016-02-16 23:22:19', '2016-02-29 22:50:17'),
(72, 1, 2, '2015-11-01', '10', '2016-02-16 23:22:19', '2016-02-29 22:51:20'),
(73, 1, 3, '2015-11-01', '69', '2016-02-16 23:22:19', '2016-02-29 22:52:46'),
(74, 1, 4, '2015-11-01', '1057', '2016-02-16 23:22:19', '2016-02-29 22:55:23'),
(75, 1, 5, '2015-11-01', '0', '2016-02-16 23:22:19', '2016-02-16 23:22:19'),
(76, 1, 6, '2015-11-01', '154', '2016-02-16 23:22:19', '2016-02-29 22:56:51'),
(77, 1, 7, '2015-11-01', '361', '2016-02-16 23:22:19', '2016-02-29 22:58:04'),
(78, 1, 1, '2015-12-01', '10', '2016-02-16 23:22:19', '2016-02-29 21:33:28'),
(79, 1, 2, '2015-12-01', '20', '2016-02-16 23:22:19', '2016-02-29 22:51:25'),
(80, 1, 3, '2015-12-01', '16', '2016-02-16 23:22:19', '2016-02-29 22:52:56'),
(81, 1, 4, '2015-12-01', '145', '2016-02-16 23:22:19', '2016-02-29 22:55:26'),
(82, 1, 5, '2015-12-01', '39', '2016-02-16 23:22:19', '2016-02-29 22:55:57'),
(83, 1, 6, '2015-12-01', '2', '2016-02-16 23:22:19', '2016-02-29 22:56:59'),
(84, 1, 7, '2015-12-01', '166', '2016-02-16 23:22:19', '2016-02-29 21:33:14'),
(85, 1, 1, '2016-01-01', '102', '2016-03-14 16:04:27', '2016-03-30 04:35:13'),
(86, 1, 2, '2016-01-01', '5', '2016-03-14 16:04:27', '2016-03-30 04:37:18'),
(87, 1, 3, '2016-01-01', '63', '2016-03-14 16:04:27', '2016-03-30 04:37:26'),
(88, 1, 4, '2016-01-01', '428', '2016-03-14 16:04:27', '2016-03-30 04:37:35'),
(89, 1, 5, '2016-01-01', '0', '2016-03-14 16:04:27', '2016-03-24 10:19:29'),
(90, 1, 6, '2016-01-01', '12', '2016-03-14 16:04:27', '2016-03-30 04:37:50'),
(91, 1, 7, '2016-01-01', '676', '2016-03-14 16:04:27', '2016-03-30 04:37:56'),
(92, 1, 1, '2016-02-01', '58', '2016-03-14 16:04:27', '2016-03-30 04:38:06'),
(93, 1, 2, '2016-02-01', '5', '2016-03-14 16:04:27', '2016-03-30 04:38:17'),
(94, 1, 3, '2016-02-01', '72', '2016-03-14 16:04:27', '2016-03-30 04:38:24'),
(95, 1, 4, '2016-02-01', '529', '2016-03-14 16:04:27', '2016-03-30 04:38:38'),
(96, 1, 5, '2016-02-01', '5', '2016-03-14 16:04:27', '2016-03-30 04:38:47'),
(97, 1, 6, '2016-02-01', '12', '2016-03-14 16:04:27', '2016-03-30 04:38:51'),
(98, 1, 7, '2016-02-01', '124', '2016-03-14 16:04:27', '2016-03-30 04:38:59'),
(99, 1, 1, '2016-03-01', '111', '2016-03-14 16:04:27', '2016-03-30 04:40:15'),
(100, 1, 2, '2016-03-01', '17', '2016-03-14 16:04:27', '2016-03-30 04:40:09'),
(101, 1, 3, '2016-03-01', '82', '2016-03-14 16:04:27', '2016-03-30 04:40:25'),
(102, 1, 4, '2016-03-01', '336', '2016-03-14 16:04:27', '2016-03-30 04:40:31'),
(103, 1, 5, '2016-03-01', '12', '2016-03-14 16:04:27', '2016-03-30 04:40:40'),
(104, 1, 6, '2016-03-01', '61', '2016-03-14 16:04:27', '2016-03-30 04:40:47'),
(105, 1, 7, '2016-03-01', '251', '2016-03-14 16:04:27', '2016-03-30 04:40:58'),
(106, 1, 1, '2016-04-01', '111', '2016-03-14 16:04:27', '2016-04-09 03:59:01'),
(107, 1, 2, '2016-04-01', '17', '2016-03-14 16:04:27', '2016-04-09 03:59:07'),
(108, 1, 3, '2016-04-01', '82', '2016-03-14 16:04:27', '2016-04-09 03:59:28'),
(109, 1, 4, '2016-04-01', '336', '2016-03-14 16:04:27', '2016-04-09 03:59:54'),
(110, 1, 5, '2016-04-01', '12', '2016-03-14 16:04:27', '2016-04-09 04:00:05'),
(111, 1, 6, '2016-04-01', '61', '2016-03-14 16:04:27', '2016-04-09 04:00:17'),
(112, 1, 7, '2016-04-01', '251', '2016-03-14 16:04:27', '2016-04-09 04:00:29'),
(113, 1, 1, '2016-05-01', '111', '2016-03-14 16:04:27', '2016-04-09 04:00:40'),
(114, 1, 2, '2016-05-01', '17', '2016-03-14 16:04:27', '2016-04-09 04:00:50'),
(115, 1, 3, '2016-05-01', '82', '2016-03-14 16:04:27', '2016-04-09 04:01:02'),
(116, 1, 4, '2016-05-01', '336', '2016-03-14 16:04:27', '2016-04-09 04:01:12'),
(117, 1, 5, '2016-05-01', '12', '2016-03-14 16:04:27', '2016-04-09 04:01:19'),
(118, 1, 6, '2016-05-01', '61', '2016-03-14 16:04:27', '2016-04-09 04:01:30'),
(119, 1, 7, '2016-05-01', '251', '2016-03-14 16:04:27', '2016-04-09 04:01:47'),
(120, 1, 1, '2016-06-01', '111', '2016-03-14 16:04:27', '2016-04-09 04:01:55'),
(121, 1, 2, '2016-06-01', '17', '2016-03-14 16:04:27', '2016-04-09 04:02:06'),
(122, 1, 3, '2016-06-01', '82', '2016-03-14 16:04:27', '2016-04-09 04:02:20'),
(123, 1, 4, '2016-06-01', '336', '2016-03-14 16:04:27', '2016-04-09 04:03:07'),
(124, 1, 5, '2016-06-01', '12', '2016-03-14 16:04:27', '2016-04-09 04:03:20'),
(125, 1, 6, '2016-06-01', '61', '2016-03-14 16:04:27', '2016-04-09 04:03:45'),
(126, 1, 7, '2016-06-01', '251', '2016-03-14 16:04:27', '2016-04-09 04:04:07'),
(127, 1, 1, '2016-07-01', '111', '2016-03-14 16:04:27', '2016-04-09 04:04:31'),
(128, 1, 2, '2016-07-01', '17', '2016-03-14 16:04:27', '2016-04-09 04:04:49'),
(129, 1, 3, '2016-07-01', '82', '2016-03-14 16:04:27', '2016-04-09 04:05:00'),
(130, 1, 4, '2016-07-01', '336', '2016-03-14 16:04:27', '2016-04-09 04:05:11'),
(131, 1, 5, '2016-07-01', '12', '2016-03-14 16:04:27', '2016-04-09 04:05:18'),
(132, 1, 6, '2016-07-01', '61', '2016-03-14 16:04:27', '2016-04-09 04:05:26'),
(133, 1, 7, '2016-07-01', '251', '2016-03-14 16:04:27', '2016-04-09 04:05:34'),
(134, 1, 1, '2016-08-01', '111', '2016-03-14 16:04:27', '2016-04-09 04:07:31'),
(135, 1, 2, '2016-08-01', '17', '2016-03-14 16:04:27', '2016-04-09 04:06:03'),
(136, 1, 3, '2016-08-01', '82', '2016-03-14 16:04:27', '2016-04-09 04:06:18'),
(137, 1, 4, '2016-08-01', '0', '2016-03-14 16:04:27', '2016-03-14 16:04:27'),
(138, 1, 5, '2016-08-01', '12', '2016-03-14 16:04:27', '2016-04-09 04:06:38'),
(139, 1, 6, '2016-08-01', '61', '2016-03-14 16:04:27', '2016-04-09 04:06:48'),
(140, 1, 7, '2016-08-01', '251', '2016-03-14 16:04:27', '2016-04-09 04:06:58'),
(141, 1, 1, '2016-09-01', '111', '2016-03-14 16:04:27', '2016-04-09 04:08:09'),
(142, 1, 2, '2016-09-01', '17', '2016-03-14 16:04:27', '2016-04-09 04:08:20'),
(143, 1, 3, '2016-09-01', '82', '2016-03-14 16:04:27', '2016-04-09 04:08:26'),
(144, 1, 4, '2016-09-01', '111', '2016-03-14 16:04:27', '2016-04-09 04:08:32'),
(145, 1, 5, '2016-09-01', '12', '2016-03-14 16:04:27', '2016-04-09 04:08:38'),
(146, 1, 6, '2016-09-01', '61', '2016-03-14 16:04:27', '2016-04-09 04:08:45'),
(147, 1, 7, '2016-09-01', '251', '2016-03-14 16:04:27', '2016-04-09 04:08:52'),
(148, 1, 1, '2016-10-01', '111', '2016-03-14 16:04:27', '2016-04-09 04:09:06'),
(149, 1, 2, '2016-10-01', '17', '2016-03-14 16:04:27', '2016-04-09 04:09:17'),
(150, 1, 3, '2016-10-01', '82', '2016-03-14 16:04:27', '2016-04-09 04:09:42'),
(151, 1, 4, '2016-10-01', '336', '2016-03-14 16:04:27', '2016-04-09 04:09:55'),
(152, 1, 5, '2016-10-01', '12', '2016-03-14 16:04:27', '2016-04-09 04:10:06'),
(153, 1, 6, '2016-10-01', '61', '2016-03-14 16:04:27', '2016-04-09 04:10:15'),
(154, 1, 7, '2016-10-01', '251', '2016-03-14 16:04:27', '2016-04-09 04:10:25'),
(155, 1, 1, '2016-11-01', '111', '2016-03-14 16:04:27', '2016-04-09 04:10:32'),
(156, 1, 2, '2016-11-01', '17', '2016-03-14 16:04:27', '2016-04-09 04:10:44'),
(157, 1, 3, '2016-11-01', '82', '2016-03-14 16:04:27', '2016-04-09 04:10:53'),
(158, 1, 4, '2016-11-01', '336', '2016-03-14 16:04:27', '2016-04-09 04:11:01'),
(159, 1, 5, '2016-11-01', '12', '2016-03-14 16:04:27', '2016-04-09 04:11:11'),
(160, 1, 6, '2016-11-01', '61', '2016-03-14 16:04:27', '2016-04-09 04:11:20'),
(161, 1, 7, '2016-11-01', '251', '2016-03-14 16:04:27', '2016-04-09 04:11:31'),
(162, 1, 1, '2016-12-01', '111', '2016-03-14 16:04:27', '2016-04-09 04:11:40'),
(163, 1, 2, '2016-12-01', '17', '2016-03-14 16:04:27', '2016-04-09 04:11:49'),
(164, 1, 3, '2016-12-01', '82', '2016-03-14 16:04:27', '2016-04-09 04:12:00'),
(165, 1, 4, '2016-12-01', '336', '2016-03-14 16:04:27', '2016-04-09 04:12:11'),
(166, 1, 5, '2016-12-01', '12', '2016-03-14 16:04:27', '2016-04-09 04:12:18'),
(167, 1, 6, '2016-12-01', '61', '2016-03-14 16:04:27', '2016-04-09 04:12:29'),
(168, 1, 7, '2016-12-01', '251', '2016-03-14 16:04:27', '2016-04-09 04:12:43');

-- --------------------------------------------------------

--
-- Table structure for table `tb_divisi`
--

CREATE TABLE IF NOT EXISTS `tb_divisi` (
  `id` int(10) unsigned NOT NULL AUTO_INCREMENT,
  `spk` varchar(255) COLLATE utf8_unicode_ci NOT NULL,
  `nm_divisi` varchar(255) COLLATE utf8_unicode_ci NOT NULL,
  `wilayah` varchar(255) COLLATE utf8_unicode_ci NOT NULL,
  `created_at` timestamp NOT NULL DEFAULT '0000-00-00 00:00:00',
  `updated_at` timestamp NOT NULL DEFAULT '0000-00-00 00:00:00',
  PRIMARY KEY (`id`)
) ENGINE=MyISAM  DEFAULT CHARSET=utf8 COLLATE=utf8_unicode_ci AUTO_INCREMENT=4 ;

--
-- Dumping data for table `tb_divisi`
--

INSERT INTO `tb_divisi` (`id`, `spk`, `nm_divisi`, `wilayah`, `created_at`, `updated_at`) VALUES
(1, 'SPK005', 'Divisi 5', 'Balikpapan', '0000-00-00 00:00:00', '0000-00-00 00:00:00'),
(2, 'SPK006', 'Divisi 06', 'Samarinda', '2016-03-15 00:16:30', '2016-03-15 00:16:51'),
(3, 'SPK007', 'Divisi 07', 'Tenggarong', '2016-03-15 00:17:37', '2016-03-15 00:17:37');

-- --------------------------------------------------------

--
-- Table structure for table `tb_divloan`
--

CREATE TABLE IF NOT EXISTS `tb_divloan` (
  `id` int(10) unsigned NOT NULL AUTO_INCREMENT,
  `divisi_id` varchar(255) COLLATE utf8_unicode_ci NOT NULL,
  `cash_in` varchar(255) COLLATE utf8_unicode_ci NOT NULL,
  `cash_out` varchar(255) COLLATE utf8_unicode_ci NOT NULL,
  `cash_dwi1` varchar(255) COLLATE utf8_unicode_ci NOT NULL,
  `cash_dwi2` varchar(255) COLLATE utf8_unicode_ci NOT NULL,
  `tgl_dwi1` date NOT NULL,
  `tgl_dwi2` date NOT NULL,
  `cash_konvensional` varchar(255) COLLATE utf8_unicode_ci NOT NULL,
  `cash_bank` varchar(255) COLLATE utf8_unicode_ci NOT NULL,
  `ket` varchar(255) COLLATE utf8_unicode_ci NOT NULL,
  `created_at` timestamp NOT NULL DEFAULT '0000-00-00 00:00:00',
  `updated_at` timestamp NOT NULL DEFAULT '0000-00-00 00:00:00',
  PRIMARY KEY (`id`)
) ENGINE=MyISAM  DEFAULT CHARSET=utf8 COLLATE=utf8_unicode_ci AUTO_INCREMENT=8 ;

--
-- Dumping data for table `tb_divloan`
--

INSERT INTO `tb_divloan` (`id`, `divisi_id`, `cash_in`, `cash_out`, `cash_dwi1`, `cash_dwi2`, `tgl_dwi1`, `tgl_dwi2`, `cash_konvensional`, `cash_bank`, `ket`, `created_at`, `updated_at`) VALUES
(1, '1', '0', '45', '0', '0', '2015-11-01', '2015-11-15', '0', '0', '0', '2016-02-16 21:37:03', '2016-02-16 22:10:24'),
(2, '1', '0', '13270', '1660', '241', '2015-12-01', '2015-12-15', '0', '0', 'droping divisi', '2016-02-20 22:57:59', '2016-03-30 04:18:40'),
(3, '1', '0', '0', '0', '0', '2015-01-01', '2015-01-15', '0', '0', '', '2016-03-01 02:57:59', '2016-03-01 02:57:59'),
(4, '1', '0', '0', '0', '0', '2016-01-01', '2016-01-15', '0', '0', '0', '2016-03-14 16:02:23', '2016-03-24 10:06:15'),
(5, '1', '0', '0', '0', '0', '2016-02-01', '2016-02-15', '0', '0', '', '2016-03-16 01:17:05', '2016-03-16 01:17:05'),
(6, '1', '0', '14711', '450', '450', '2016-03-01', '2016-03-15', '0', '0', 'droping proyek', '2016-03-30 04:24:24', '2016-03-30 04:28:35'),
(7, '1', '0', '0', '0', '0', '2015-03-01', '2015-03-15', '0', '0', '', '2016-03-31 16:16:38', '2016-03-31 16:16:38');

-- --------------------------------------------------------

--
-- Table structure for table `termins`
--

CREATE TABLE IF NOT EXISTS `termins` (
  `id` int(10) unsigned NOT NULL AUTO_INCREMENT,
  `proyek_id` varchar(255) COLLATE utf8_unicode_ci NOT NULL,
  `cash_dwi1` varchar(255) COLLATE utf8_unicode_ci NOT NULL,
  `cash_dwi2` varchar(255) COLLATE utf8_unicode_ci NOT NULL,
  `tgl_dwi1` date NOT NULL,
  `tgl_dwi2` date NOT NULL,
  `realisasi` varchar(255) COLLATE utf8_unicode_ci NOT NULL,
  `umur` varchar(255) COLLATE utf8_unicode_ci NOT NULL,
  `ket` varchar(255) COLLATE utf8_unicode_ci NOT NULL,
  `created_at` timestamp NOT NULL DEFAULT '0000-00-00 00:00:00',
  `updated_at` timestamp NOT NULL DEFAULT '0000-00-00 00:00:00',
  PRIMARY KEY (`id`)
) ENGINE=MyISAM  DEFAULT CHARSET=utf8 COLLATE=utf8_unicode_ci AUTO_INCREMENT=37 ;

--
-- Dumping data for table `termins`
--

INSERT INTO `termins` (`id`, `proyek_id`, `cash_dwi1`, `cash_dwi2`, `tgl_dwi1`, `tgl_dwi2`, `realisasi`, `umur`, `ket`, `created_at`, `updated_at`) VALUES
(1, '1', '18659', '13830', '2015-12-08', '2015-12-17', '0', '', 'nunggu persetujuan owner', '0000-00-00 00:00:00', '2016-03-29 21:33:37'),
(2, '1', '0', '0', '2015-11-01', '2015-11-15', '0', '', '', '2016-02-15 23:31:34', '2016-02-15 23:31:34'),
(3, '1', '0', '0', '2016-01-01', '2016-01-15', '0', '', '', '2016-03-04 01:30:17', '2016-03-24 01:53:45'),
(9, '2', '0', '5321', '2015-12-08', '2015-12-17', '0', '', 'akan cair pada tanggal 20', '0000-00-00 00:00:00', '2016-03-29 09:17:47'),
(10, '3', '0', '7273', '2015-12-01', '2015-12-15', '0', '', 'tunggu tanda tangan owner', '2016-03-08 17:47:40', '2016-03-29 21:45:41'),
(11, '1', '0', '0', '2015-10-01', '2015-10-15', '0', '', '', '2016-03-09 11:33:54', '2016-03-09 11:33:54'),
(12, '4', '0', '8135', '2015-12-01', '2015-12-15', '0', '', 'owner belum ada uang', '2016-03-13 00:24:30', '2016-03-29 22:08:29'),
(13, '5', '0', '8580', '2015-12-01', '2015-12-15', '0', '', '', '2016-03-13 00:43:20', '2016-03-29 23:11:47'),
(22, '1', '0', '8251', '2016-03-01', '2016-03-15', '0', '', 'proses tanda tangan owner', '2016-03-24 15:13:44', '2016-04-11 17:42:35'),
(14, '2', '0', '5005', '2016-01-01', '2016-01-15', '0', '', 'tidak ada dana', '2016-03-14 15:05:44', '2016-04-11 17:41:52'),
(15, '1', '0', '0', '2015-02-01', '2015-02-15', '0', '', '', '2016-03-15 00:35:00', '2016-03-15 00:35:00'),
(16, '3', '0', '0', '2015-01-01', '2015-01-15', '0', '', '', '2016-03-15 04:48:44', '2016-03-15 04:48:44'),
(17, '1', '5', '5', '2015-01-01', '2015-01-15', '0', '', '', '2016-03-15 04:49:12', '2016-03-15 04:49:49'),
(18, '4', '0', '200', '2016-01-01', '2016-01-15', '0', '', '', '2016-03-16 00:23:13', '2016-03-16 00:23:30'),
(19, '3', '430', '0', '2016-01-01', '2016-01-15', '0', '', '', '2016-03-16 00:23:56', '2016-04-11 17:39:59'),
(20, '5', '54', '76', '2016-01-01', '2016-01-15', '0', '', '', '2016-03-16 00:25:00', '2016-03-16 00:25:28'),
(21, '5', '567', '0', '2015-01-01', '2015-01-15', '0', '', 'tidak ada dana', '2016-03-16 21:52:24', '2016-03-16 21:54:04'),
(23, '2', '0', '5005', '2016-03-01', '2016-03-15', '0', '', 'cair sekitar tanggal 20', '2016-03-29 06:28:45', '2016-04-11 17:40:49'),
(24, '3', '0', '0', '2016-03-01', '2016-03-15', '0', '', 'owner tidak ada dana', '2016-03-30 02:03:20', '2016-03-30 04:55:24'),
(25, '4', '0', '0', '2016-03-01', '2016-03-15', '0', '', 'proyek selesai', '2016-03-30 02:33:44', '2016-04-05 04:03:13'),
(27, '1', '0', '0', '2015-03-01', '2015-03-15', '0', '', '', '2016-03-31 16:33:28', '2016-03-31 16:33:28'),
(26, '5', '43953', '0', '2016-03-01', '2016-03-15', '0', '', '', '2016-03-30 03:00:40', '2016-04-11 17:37:26'),
(28, '4', '0', '0', '2017-01-01', '2017-01-15', '0', '', '', '2016-04-05 03:54:55', '2016-04-05 03:54:55'),
(33, '5', '0', '0', '2016-02-01', '2016-02-15', '0', '', '', '2016-04-11 17:37:56', '2016-04-11 17:37:56'),
(30, '2', '0', '0', '2016-04-01', '2016-04-15', '0', '', '', '2016-04-10 19:11:37', '2016-04-10 19:11:37'),
(31, '5', '0', '0', '2016-08-01', '2016-08-15', '0', '', '', '2016-04-10 19:55:55', '2016-04-10 19:55:55'),
(32, '1', '0', '1000', '2016-02-01', '2016-02-15', '1000', '', '', '2016-04-11 12:25:03', '2016-04-12 01:42:15'),
(34, '4', '0', '0', '2016-02-01', '2016-02-15', '0', '', '', '2016-04-11 17:38:49', '2016-04-11 17:38:49'),
(35, '3', '0', '0', '2016-02-01', '2016-02-15', '0', '', '', '2016-04-11 17:39:34', '2016-04-11 17:39:34'),
(36, '2', '0', '0', '2016-02-01', '2016-02-15', '0', '', '', '2016-04-11 17:41:13', '2016-04-11 17:41:13');

-- --------------------------------------------------------

--
-- Table structure for table `users`
--

CREATE TABLE IF NOT EXISTS `users` (
  `id` int(10) unsigned NOT NULL AUTO_INCREMENT,
  `name` varchar(255) COLLATE utf8_unicode_ci NOT NULL,
  `username` varchar(255) COLLATE utf8_unicode_ci NOT NULL,
  `email` varchar(255) COLLATE utf8_unicode_ci NOT NULL,
  `password` varchar(255) COLLATE utf8_unicode_ci NOT NULL,
  `session_id` varchar(64) COLLATE utf8_unicode_ci NOT NULL,
  `level` varchar(255) COLLATE utf8_unicode_ci NOT NULL,
  `remember_token` varchar(255) COLLATE utf8_unicode_ci DEFAULT NULL,
  `created_at` timestamp NOT NULL DEFAULT '0000-00-00 00:00:00',
  `updated_at` timestamp NOT NULL DEFAULT '0000-00-00 00:00:00',
  PRIMARY KEY (`id`)
) ENGINE=MyISAM  DEFAULT CHARSET=utf8 COLLATE=utf8_unicode_ci AUTO_INCREMENT=7 ;

--
-- Dumping data for table `users`
--

INSERT INTO `users` (`id`, `name`, `username`, `email`, `password`, `session_id`, `level`, `remember_token`, `created_at`, `updated_at`) VALUES
(1, 'Nama User', 'admin', 'eko@mail.com', '$2y$10$e4Z/ok8qBHsPqjsUM/tDUOOj9g1wibJ/QcVPTHvYQgIBsouiqEnF.', 'd9f20efdff2a79fcf7585aef058120328fc5b08f', 'admin', '4NCrK5p2qMDPrS678A3JgLbYoRqyLPgMHoif0qu0mE6nwCPq2JDnWCPGEoqZ', '2016-02-15 18:28:36', '2016-07-27 08:45:09'),
(2, 'userbiasa', 'userbiasa', 'userbiasa@mail.com', '$2y$10$C55.VU5.U3bPnAnOqjxy1Owl5uLrUBE2gIHymjCA2FpKuDEC4gzDu', 'e88e4be38650437dc154ebc00437d180fd7bad2d', 'user', 'HgkbsPhI3KioVqNQbkY51mdVl8WNAudca3pYKM81TaPuaBjjd3vj5BZTvH7R', '2016-02-29 11:24:07', '2016-03-13 13:31:11'),
(3, 'riffadin', 'riffadin', 'riffadin@mail.com', '$2y$10$40Hs9sJpcFqQuvQIiW.OEOoXVzP3ZqS8IjnsvWwMx07u0itSpNPdi', 'e57f0547eeb2d839a3c2df730981d5aae4a14294', 'user', 'AMvfReyQjPzfsMe4SoEQStAI7yX6GmVMUcAtVTgiCAxaP4kORp64coOUTX6h', '2016-03-12 19:19:31', '2016-04-10 20:33:18'),
(4, 'Eko Pebrisulistiyo', 'ekopebri', 'eko@gmail.com', '$2y$10$gLmaDdVQpruC17RgKR4ga..MywfTn/k3DxsXMUM7pNfsOuVihjHse', '2dd7b7c28da6d6e7ade22d83c4711551b136d087', 'superadmin', '81eDm6pHgREJIJQcCXnu9ww4tzlgoNl4cvFwYh3IgKbTJODZ49apR1pUaq6p', '2016-03-13 14:59:34', '2016-05-26 06:40:06'),
(5, 'User Admin', 'username', 'username@gmail.com', '$2y$10$5yWYQMvC0YTV58yzGYTPnOCvcH5W6QPjEX7ETWKywR9I6EKsOj95.', '1485ad0fde264042a87817a0311f7a028046003f', 'admin', 'cMbGi2O9eQHDJXcYXS960tb5s0zhVI1akX0E33VnEVZc6SR77Kdm5f1GyvTP', '2016-03-24 14:57:18', '2016-04-11 17:43:30'),
(6, 'rifaddin', 'manggar', 'manggar@ymail.com', '$2y$10$mxyv4ogWVYBluSU9QfE8dOOmfRCWHyiLwDfk2PrLP2ySaqA1Mqi/C', 'e3dfdb59ef2a71b875c4bd1ddff4bb0ca1eee366', 'user', 'v3bm2nPFxkCmsKmAs81zW1G29lq4wIsDvppZEWwDzizfFc8Ycx5VPw3G3DUs', '2016-04-03 15:23:53', '2016-04-10 20:34:07');

/*!40101 SET CHARACTER_SET_CLIENT=@OLD_CHARACTER_SET_CLIENT */;
/*!40101 SET CHARACTER_SET_RESULTS=@OLD_CHARACTER_SET_RESULTS */;
/*!40101 SET COLLATION_CONNECTION=@OLD_COLLATION_CONNECTION */;
